id,event_id,latitude,longitude,type,area,date_time,slope,state,country,fips,scc,fuel_1hr,fuel_10hr,fuel_100hr,fuel_1khr,fuel_10khr,fuel_gt10khr,shrub,grass,rot,duff,litter,moisture_1hr,moisture_10hr,moisture_100hr,moisture_1khr,moisture_live,moisture_duff,consumption_flaming,consumption_smoldering,consumption_residual,consumption_duff,min_wind,max_wind,min_wind_aloft,max_wind_aloft,min_humid,max_humid,min_temp,max_temp,min_temp_hour,max_temp_hour,sunrise_hour,sunset_hour,snow_month,rain_days,heat,pm25,pm10,co,co2,ch4,nox,nh3,so2,voc,VEG,canopy,fccs_number
1,1,47.631,-120.273,WF,46.0,201407010000Z,10.0,WA,USA,53007,2810001000,0.0,0.0,0.0,0.0,0.0,0.0,1.57,0.36,0.0,1.0,0.36,7.0,8.0,9.0,12.0,80.0,40.0,3.02423218702,0.185990756267,0.0,0.0,6.0,6.0,6.0,6.0,40.0,80.0,13.0,30.0,4,14,6,18,5,8,295345286.944839,1.1550500000000001,1.362959,11.786094,241.41535299999993,0.6158480000000001,0.34442000000000006,0.19700699999999996,0.14471,2.831971999999999,Sagebrush shrubland,0.0,56
10,10,47.621,-120.27,WF,46.0,201407010000Z,10.0,WA,USA,53007,2810001000,0.0,0.0,0.0,0.0,0.0,0.0,0.34,0.11,0.0,1.0,0.09,7.0,8.0,9.0,12.0,80.0,40.0,0.620784150908,0.0455434978896,0.0,0.0,6.0,6.0,6.0,6.0,40.0,80.0,13.0,30.0,4,14,6,18,5,8,60795313.8827,0.242728,0.286429,2.4905169999999996,50.027302,0.129754,0.071007,0.04159099999999999,0.030043999999999994,0.5979260000000001,Sagebrush Shrubland - Sparse,0.0,60
100,100,48.19,-120.181,WF,46.0,201407010000Z,10.0,WA,USA,53047,2810001000,0.4,0.9,0.4,0.4,1.1,0.6,0.22,0.15,2.8,1.1,0.06,7.0,8.0,9.0,12.0,80.0,40.0,12.5342169728,4.11581184289,3.07629591419,2.67918384103,6.0,6.0,6.0,6.0,40.0,80.0,13.0,30.0,4,14,6,18,5,8,1307653300.510638,9.692664000000004,11.437339000000009,110.82152200000002,1411.4454940000012,5.462898000000003,1.6953160000000007,1.8224270000000002,0.8888299999999996,26.19736699999999,Douglas-fir - ponderosa pine forest,13.52,52
101,101,47.953,-119.9,WF,46.0,201407010000Z,10.0,WA,USA,53007,2810001000,0.0,0.0,0.0,0.0,0.0,0.0,0.34,0.11,0.0,1.0,0.09,7.0,8.0,9.0,12.0,80.0,40.0,0.620784150908,0.0455434978896,0.0,0.0,6.0,6.0,6.0,6.0,40.0,80.0,13.0,30.0,4,14,6,18,5,8,60795313.8827,0.242728,0.286429,2.4905169999999996,50.027302,0.129754,0.071007,0.04159099999999999,0.030043999999999994,0.5979260000000001,Sagebrush Shrubland - Sparse,0.0,60
102,102,48.372,-120.645,WF,46.0,201407010000Z,10.0,WA,USA,53007,2810001000,0.0,0.0,0.0,0.0,0.0,0.0,2.19,0.06,0.0,1.0,0.0,7.0,8.0,9.0,12.0,80.0,40.0,3.70260924404,0.200189264133,0.0,0.0,6.0,6.0,6.0,6.0,40.0,80.0,13.0,30.0,4,14,6,18,5,8,360965579.574667,1.3930869999999997,1.6438359999999996,14.163847,293.80419,0.7414880000000001,0.4205340000000001,0.236875,0.17594500000000005,3.4051490000000006,Vaccinium - Heather shrubland,0.0,237
103,103,47.557,-120.296,WF,46.0,201407010000Z,10.0,WA,USA,53007,2810001000,0.0,0.0,0.0,0.0,0.0,0.0,0.34,0.11,0.0,1.0,0.09,7.0,8.0,9.0,12.0,80.0,40.0,0.620784150908,0.0455434978896,0.0,0.0,6.0,6.0,6.0,6.0,40.0,80.0,13.0,30.0,4,14,6,18,5,8,60795313.8827,0.242728,0.286429,2.4905169999999996,50.027302,0.129754,0.071007,0.04159099999999999,0.030043999999999994,0.5979260000000001,Sagebrush Shrubland - Sparse,0.0,60
104,104,48.333,-119.706,WF,46.0,201407010000Z,10.0,WA,USA,53047,2810001000,0.0,0.0,0.0,0.0,0.0,0.0,0.34,0.11,0.0,1.0,0.09,7.0,8.0,9.0,12.0,80.0,40.0,0.620784150908,0.0455434978896,0.0,0.0,6.0,6.0,6.0,6.0,40.0,80.0,13.0,30.0,4,14,6,18,5,8,60795313.8827,0.242728,0.286429,2.4905169999999996,50.027302,0.129754,0.071007,0.04159099999999999,0.030043999999999994,0.5979260000000001,Sagebrush Shrubland - Sparse,0.0,60
105,105,48.334,-120.087,WF,46.0,201407010000Z,10.0,WA,USA,53047,2810001000,0.0,0.0,0.0,0.0,0.0,0.0,0.34,0.11,0.0,1.0,0.09,7.0,8.0,9.0,12.0,80.0,40.0,0.620784150908,0.0455434978896,0.0,0.0,6.0,6.0,6.0,6.0,40.0,80.0,13.0,30.0,4,14,6,18,5,8,60795313.8827,0.242728,0.286429,2.4905169999999996,50.027302,0.129754,0.071007,0.04159099999999999,0.030043999999999994,0.5979260000000001,Sagebrush Shrubland - Sparse,0.0,60
106,106,48.329,-120.663,WF,46.0,201407010000Z,10.0,WA,USA,53007,2810001000,0.4,0.9,0.4,0.4,1.1,0.6,0.22,0.15,2.8,1.1,0.06,7.0,8.0,9.0,12.0,80.0,40.0,12.5342169728,4.11581184289,3.07629591419,2.67918384103,6.0,6.0,6.0,6.0,40.0,80.0,13.0,30.0,4,14,6,18,5,8,1307653300.510638,9.692664000000004,11.437339000000009,110.82152200000002,1411.4454940000012,5.462898000000003,1.6953160000000007,1.8224270000000002,0.8888299999999996,26.19736699999999,Douglas-fir - ponderosa pine forest,13.52,52
107,107,48.333,-119.706,WF,46.0,201407010000Z,10.0,WA,USA,53047,2810001000,0.0,0.0,0.0,0.0,0.0,0.0,0.34,0.11,0.0,1.0,0.09,7.0,8.0,9.0,12.0,80.0,40.0,0.620784150908,0.0455434978896,0.0,0.0,6.0,6.0,6.0,6.0,40.0,80.0,13.0,30.0,4,14,6,18,5,8,60795313.8827,0.242728,0.286429,2.4905169999999996,50.027302,0.129754,0.071007,0.04159099999999999,0.030043999999999994,0.5979260000000001,Sagebrush Shrubland - Sparse,0.0,60
108,108,48.377,-119.993,WF,46.0,201407010000Z,10.0,WA,USA,53047,2810001000,0.0,0.0,0.0,0.0,0.0,0.0,0.34,0.11,0.0,1.0,0.09,7.0,8.0,9.0,12.0,80.0,40.0,0.620784150908,0.0455434978896,0.0,0.0,6.0,6.0,6.0,6.0,40.0,80.0,13.0,30.0,4,14,6,18,5,8,60795313.8827,0.242728,0.286429,2.4905169999999996,50.027302,0.129754,0.071007,0.04159099999999999,0.030043999999999994,0.5979260000000001,Sagebrush Shrubland - Sparse,0.0,60
109,109,48.26,-120.035,WF,46.0,201407010000Z,10.0,WA,USA,53047,2810001000,0.0,0.0,0.0,0.0,0.0,0.0,0.34,0.11,0.0,1.0,0.09,7.0,8.0,9.0,12.0,80.0,40.0,0.620784150908,0.0455434978896,0.0,0.0,6.0,6.0,6.0,6.0,40.0,80.0,13.0,30.0,4,14,6,18,5,8,60795313.8827,0.242728,0.286429,2.4905169999999996,50.027302,0.129754,0.071007,0.04159099999999999,0.030043999999999994,0.5979260000000001,Sagebrush Shrubland - Sparse,0.0,60
11,11,47.64,-120.276,WF,46.0,201407010000Z,10.0,WA,USA,53007,2810001000,0.4,0.9,0.4,0.4,1.1,0.6,0.22,0.15,2.8,1.1,0.06,7.0,8.0,9.0,12.0,80.0,40.0,12.5342169728,4.11581184289,3.07629591419,2.67918384103,6.0,6.0,6.0,6.0,40.0,80.0,13.0,30.0,4,14,6,18,5,8,1307653300.510638,9.692664000000004,11.437339000000009,110.82152200000002,1411.4454940000012,5.462898000000003,1.6953160000000007,1.8224270000000002,0.8888299999999996,26.19736699999999,Douglas-fir - ponderosa pine forest,13.52,52
110,110,48.106,-120.126,WF,46.0,201407010000Z,10.0,WA,USA,53047,2810001000,0.4,0.9,0.4,0.4,1.1,0.6,0.22,0.15,2.8,1.1,0.06,7.0,8.0,9.0,12.0,80.0,40.0,12.5342169728,4.11581184289,3.07629591419,2.67918384103,6.0,6.0,6.0,6.0,40.0,80.0,13.0,30.0,4,14,6,18,5,8,1307653300.510638,9.692664000000004,11.437339000000009,110.82152200000002,1411.4454940000012,5.462898000000003,1.6953160000000007,1.8224270000000002,0.8888299999999996,26.19736699999999,Douglas-fir - ponderosa pine forest,13.52,52
111,111,48.406,-120.001,WF,46.0,201407010000Z,10.0,WA,USA,53047,2810001000,0.0,0.0,0.0,0.0,0.0,0.0,0.34,0.11,0.0,1.0,0.09,7.0,8.0,9.0,12.0,80.0,40.0,0.620784150908,0.0455434978896,0.0,0.0,6.0,6.0,6.0,6.0,40.0,80.0,13.0,30.0,4,14,6,18,5,8,60795313.8827,0.242728,0.286429,2.4905169999999996,50.027302,0.129754,0.071007,0.04159099999999999,0.030043999999999994,0.5979260000000001,Sagebrush Shrubland - Sparse,0.0,60
112,112,48.518,-120.08,WF,46.0,201407010000Z,10.0,WA,USA,53047,2810001000,0.0,0.0,0.0,0.0,0.0,0.0,0.0,1.81,0.0,1.0,0.21,7.0,8.0,9.0,12.0,80.0,40.0,0.60810453365,0.032005501771,0.0,0.0,6.0,6.0,6.0,6.0,40.0,80.0,13.0,30.0,4,14,6,18,5,8,59265700.03153999,0.22812799999999997,0.2691939999999999,2.3177969999999997,48.19767999999999,0.12137899999999999,0.06903200000000001,0.038761000000000004,0.028850999999999995,0.5572870000000001,Idaho fescue - Bluebunch wheatgrass grassland,0.0,41
113,113,48.518,-120.08,WF,46.0,201407010000Z,10.0,WA,USA,53047,2810001000,0.0,0.0,0.0,0.0,0.0,0.0,0.0,1.81,0.0,1.0,0.21,7.0,8.0,9.0,12.0,80.0,40.0,0.60810453365,0.032005501771,0.0,0.0,6.0,6.0,6.0,6.0,40.0,80.0,13.0,30.0,4,14,6,18,5,8,59265700.03153999,0.22812799999999997,0.2691939999999999,2.3177969999999997,48.19767999999999,0.12137899999999999,0.06903200000000001,0.038761000000000004,0.028850999999999995,0.5572870000000001,Idaho fescue - Bluebunch wheatgrass grassland,0.0,41
114,114,48.374,-120.631,WF,46.0,201407010000Z,10.0,WA,USA,53007,2810001000,0.0,0.0,0.0,0.0,0.0,0.0,2.19,0.06,0.0,1.0,0.0,7.0,8.0,9.0,12.0,80.0,40.0,3.70260924404,0.200189264133,0.0,0.0,6.0,6.0,6.0,6.0,40.0,80.0,13.0,30.0,4,14,6,18,5,8,360965579.574667,1.3930869999999997,1.6438359999999996,14.163847,293.80419,0.7414880000000001,0.4205340000000001,0.236875,0.17594500000000005,3.4051490000000006,Vaccinium - Heather shrubland,0.0,237
115,115,48.329,-120.663,WF,46.0,201407010000Z,10.0,WA,USA,53007,2810001000,0.4,0.9,0.4,0.4,1.1,0.6,0.22,0.15,2.8,1.1,0.06,7.0,8.0,9.0,12.0,80.0,40.0,12.5342169728,4.11581184289,3.07629591419,2.67918384103,6.0,6.0,6.0,6.0,40.0,80.0,13.0,30.0,4,14,6,18,5,8,1307653300.510638,9.692664000000004,11.437339000000009,110.82152200000002,1411.4454940000012,5.462898000000003,1.6953160000000007,1.8224270000000002,0.8888299999999996,26.19736699999999,Douglas-fir - ponderosa pine forest,13.52,52
116,116,48.325,-120.692,WF,46.0,201407010000Z,10.0,WA,USA,53007,2810001000,0.4,0.9,0.4,0.4,1.1,0.6,0.22,0.15,2.8,1.1,0.06,7.0,8.0,9.0,12.0,80.0,40.0,12.5342169728,4.11581184289,3.07629591419,2.67918384103,6.0,6.0,6.0,6.0,40.0,80.0,13.0,30.0,4,14,6,18,5,8,1307653300.510638,9.692664000000004,11.437339000000009,110.82152200000002,1411.4454940000012,5.462898000000003,1.6953160000000007,1.8224270000000002,0.8888299999999996,26.19736699999999,Douglas-fir - ponderosa pine forest,13.52,52
117,117,47.657,-120.821,WF,46.0,201407010000Z,10.0,WA,USA,53007,2810001000,0.0,0.0,0.0,0.0,0.0,0.0,0.0,1.28,0.0,0.0,0.07,7.0,8.0,9.0,12.0,80.0,40.0,1.22400098993,0.0644211047332,0.0,0.0,6.0,6.0,6.0,6.0,40.0,80.0,13.0,30.0,4,14,6,18,5,8,119290810.43361601,0.45918299999999995,0.5418240000000001,4.665297,97.01306199999998,0.24431899999999995,0.138949,0.078032,0.058088,1.1217149999999998,Showy sedge - Alpine black sedge grassland,0.0,63
118,118,47.667,-120.824,WF,46.0,201407010000Z,10.0,WA,USA,53007,2810001000,0.1,0.4,1.7,4.4,13.6,0.0,0.43,0.12,24.9,1.3,0.08,7.0,8.0,9.0,12.0,80.0,40.0,19.414114857,16.4475081102,18.2295251116,4.26904193903,6.0,6.0,6.0,6.0,40.0,80.0,13.0,30.0,4,14,6,18,5,8,2316286169.5548277,32.988762999999985,38.926748999999994,398.748562,3691.819776000001,19.126788000000005,3.6072239999999978,6.508880000000002,2.435884,93.56513199999999,Whitebark pine / Subalpine fir forest,11.45,61
119,119,47.647,-120.894,WF,46.0,201407010000Z,10.0,WA,USA,53007,2810001000,1.5,2.6,2.5,2.0,3.7,7.0,2.23,0.14,32.7,1.5,0.02,7.0,8.0,9.0,12.0,80.0,40.0,19.0893555815,15.8028836496,22.7881276504,10.1697019831,6.0,6.0,6.0,6.0,40.0,80.0,13.0,30.0,4,14,6,18,5,8,2274530667.3068748,35.86371199999999,42.31917199999998,435.3704029999999,3917.0832689999997,20.839975000000003,3.733956000000002,7.102682999999999,2.5970630000000003,102.10121100000003,Douglas-fir - Western Hemlock - Western redcedar / Vine maple forest,10.6,9
12,12,47.658,-120.296,WF,46.0,201407010000Z,10.0,WA,USA,53007,2810001000,0.0,0.0,0.0,0.0,0.0,0.0,0.34,0.11,0.0,1.0,0.09,7.0,8.0,9.0,12.0,80.0,40.0,0.620784150908,0.0455434978896,0.0,0.0,6.0,6.0,6.0,6.0,40.0,80.0,13.0,30.0,4,14,6,18,5,8,60795313.8827,0.242728,0.286429,2.4905169999999996,50.027302,0.129754,0.071007,0.04159099999999999,0.030043999999999994,0.5979260000000001,Sagebrush Shrubland - Sparse,0.0,60
120,120,48.469,-119.989,WF,46.0,201407010000Z,10.0,WA,USA,53047,2810001000,0.0,0.0,0.0,0.0,0.0,0.0,0.0,1.81,0.0,1.0,0.21,7.0,8.0,9.0,12.0,80.0,40.0,0.60810453365,0.032005501771,0.0,0.0,6.0,6.0,6.0,6.0,40.0,80.0,13.0,30.0,4,14,6,18,5,8,59265700.03153999,0.22812799999999997,0.2691939999999999,2.3177969999999997,48.19767999999999,0.12137899999999999,0.06903200000000001,0.038761000000000004,0.028850999999999995,0.5572870000000001,Idaho fescue - Bluebunch wheatgrass grassland,0.0,41
121,121,48.525,-120.021,WF,46.0,201407010000Z,10.0,WA,USA,53047,2810001000,0.4,0.9,0.4,0.4,1.1,0.6,0.22,0.15,2.8,1.1,0.06,7.0,8.0,9.0,12.0,80.0,40.0,12.5342169728,4.11581184289,3.07629591419,2.67918384103,6.0,6.0,6.0,6.0,40.0,80.0,13.0,30.0,4,14,6,18,5,8,1307653300.510638,9.692664000000004,11.437339000000009,110.82152200000002,1411.4454940000012,5.462898000000003,1.6953160000000007,1.8224270000000002,0.8888299999999996,26.19736699999999,Douglas-fir - ponderosa pine forest,13.52,52
122,122,48.401,-120.045,WF,46.0,201407010000Z,10.0,WA,USA,53047,2810001000,0.0,0.0,0.0,0.0,0.0,0.0,0.34,0.11,0.0,1.0,0.09,7.0,8.0,9.0,12.0,80.0,40.0,0.620784150908,0.0455434978896,0.0,0.0,6.0,6.0,6.0,6.0,40.0,80.0,13.0,30.0,4,14,6,18,5,8,60795313.8827,0.242728,0.286429,2.4905169999999996,50.027302,0.129754,0.071007,0.04159099999999999,0.030043999999999994,0.5979260000000001,Sagebrush Shrubland - Sparse,0.0,60
123,123,48.518,-120.08,WF,46.0,201407010000Z,10.0,WA,USA,53047,2810001000,0.0,0.0,0.0,0.0,0.0,0.0,0.0,1.81,0.0,1.0,0.21,7.0,8.0,9.0,12.0,80.0,40.0,0.60810453365,0.032005501771,0.0,0.0,6.0,6.0,6.0,6.0,40.0,80.0,13.0,30.0,4,14,6,18,5,8,59265700.03153999,0.22812799999999997,0.2691939999999999,2.3177969999999997,48.19767999999999,0.12137899999999999,0.06903200000000001,0.038761000000000004,0.028850999999999995,0.5572870000000001,Idaho fescue - Bluebunch wheatgrass grassland,0.0,41
124,124,48.207,-120.05,WF,46.0,201407010000Z,10.0,WA,USA,53047,2810001000,0.0,0.0,0.0,0.0,0.0,0.0,0.34,0.11,0.0,1.0,0.09,7.0,8.0,9.0,12.0,80.0,40.0,0.620784150908,0.0455434978896,0.0,0.0,6.0,6.0,6.0,6.0,40.0,80.0,13.0,30.0,4,14,6,18,5,8,60795313.8827,0.242728,0.286429,2.4905169999999996,50.027302,0.129754,0.071007,0.04159099999999999,0.030043999999999994,0.5979260000000001,Sagebrush Shrubland - Sparse,0.0,60
125,125,48.352,-120.563,WF,46.0,201407010000Z,10.0,WA,USA,53047,2810001000,0.0,0.0,0.0,0.0,0.0,0.0,2.19,0.06,0.0,1.0,0.0,7.0,8.0,9.0,12.0,80.0,40.0,3.70260924404,0.200189264133,0.0,0.0,6.0,6.0,6.0,6.0,40.0,80.0,13.0,30.0,4,14,6,18,5,8,360965579.574667,1.3930869999999997,1.6438359999999996,14.163847,293.80419,0.7414880000000001,0.4205340000000001,0.236875,0.17594500000000005,3.4051490000000006,Vaccinium - Heather shrubland,0.0,237
126,126,48.378,-120.602,WF,46.0,201407010000Z,10.0,WA,USA,53047,2810001000,0.1,0.4,1.7,4.4,13.6,0.0,0.43,0.12,24.9,1.3,0.08,7.0,8.0,9.0,12.0,80.0,40.0,19.414114857,16.4475081102,18.2295251116,4.26904193903,6.0,6.0,6.0,6.0,40.0,80.0,13.0,30.0,4,14,6,18,5,8,2316286169.5548277,32.988762999999985,38.926748999999994,398.748562,3691.819776000001,19.126788000000005,3.6072239999999978,6.508880000000002,2.435884,93.56513199999999,Whitebark pine / Subalpine fir forest,11.45,61
127,127,47.675,-120.842,WF,46.0,201407010000Z,10.0,WA,USA,53007,2810001000,0.1,0.4,1.7,4.4,13.6,0.0,0.43,0.12,24.9,1.3,0.08,7.0,8.0,9.0,12.0,80.0,40.0,19.414114857,16.4475081102,18.2295251116,4.26904193903,6.0,6.0,6.0,6.0,40.0,80.0,13.0,30.0,4,14,6,18,5,8,2316286169.5548277,32.988762999999985,38.926748999999994,398.748562,3691.819776000001,19.126788000000005,3.6072239999999978,6.508880000000002,2.435884,93.56513199999999,Whitebark pine / Subalpine fir forest,11.45,61
128,128,48.372,-120.645,WF,46.0,201407010000Z,10.0,WA,USA,53007,2810001000,0.0,0.0,0.0,0.0,0.0,0.0,2.19,0.06,0.0,1.0,0.0,7.0,8.0,9.0,12.0,80.0,40.0,3.70260924404,0.200189264133,0.0,0.0,6.0,6.0,6.0,6.0,40.0,80.0,13.0,30.0,4,14,6,18,5,8,360965579.574667,1.3930869999999997,1.6438359999999996,14.163847,293.80419,0.7414880000000001,0.4205340000000001,0.236875,0.17594500000000005,3.4051490000000006,Vaccinium - Heather shrubland,0.0,237
129,129,46.004,-116.928,WF,46.0,201407010000Z,10.0,OR,USA,53003,2810001000,0.0,0.0,0.0,0.0,0.0,0.0,0.0,1.81,0.0,1.0,0.21,7.0,8.0,9.0,12.0,80.0,40.0,1.77175617672,0.0932503250906,0.0,0.0,6.0,6.0,6.0,6.0,40.0,80.0,13.0,30.0,4,14,6,18,5,8,172674041.39001694,0.664673,0.7843029999999999,6.753059000000001,140.427289,0.35366400000000003,0.20112100000000002,0.11296000000000002,0.084072,1.623688,Idaho fescue - Bluebunch wheatgrass grassland,0.0,235
13,13,47.656,-120.31,WF,46.0,201407010000Z,10.0,WA,USA,53007,2810001000,0.0,0.0,0.0,0.0,0.0,0.0,0.34,0.11,0.0,1.0,0.09,7.0,8.0,9.0,12.0,80.0,40.0,0.620784150908,0.0455434978896,0.0,0.0,6.0,6.0,6.0,6.0,40.0,80.0,13.0,30.0,4,14,6,18,5,8,60795313.8827,0.242728,0.286429,2.4905169999999996,50.027302,0.129754,0.071007,0.04159099999999999,0.030043999999999994,0.5979260000000001,Sagebrush Shrubland - Sparse,0.0,60
130,130,46.013,-116.93,WF,46.0,201407010000Z,10.0,ID,USA,53003,2810001000,0.0,0.0,0.0,0.0,0.0,0.0,0.0,1.81,0.0,1.0,0.21,7.0,8.0,9.0,12.0,80.0,40.0,1.77175617672,0.0932503250906,0.0,0.0,6.0,6.0,6.0,6.0,40.0,80.0,13.0,30.0,4,14,6,18,5,8,172674041.39001694,0.664673,0.7843029999999999,6.753059000000001,140.427289,0.35366400000000003,0.20112100000000002,0.11296000000000002,0.084072,1.623688,Idaho fescue - Bluebunch wheatgrass grassland,0.0,235
131,131,45.992,-116.94,WF,46.0,201407010000Z,10.0,OR,USA,53003,2810001000,0.0,0.0,0.0,0.0,0.0,0.0,0.0,1.81,0.0,1.0,0.21,7.0,8.0,9.0,12.0,80.0,40.0,1.77175617672,0.0932503250906,0.0,0.0,6.0,6.0,6.0,6.0,40.0,80.0,13.0,30.0,4,14,6,18,5,8,172674041.39001694,0.664673,0.7843029999999999,6.753059000000001,140.427289,0.35366400000000003,0.20112100000000002,0.11296000000000002,0.084072,1.623688,Idaho fescue - Bluebunch wheatgrass grassland,0.0,235
132,132,48.37,-120.66,WF,46.0,201407010000Z,10.0,WA,USA,53007,2810001000,0.0,0.0,0.0,0.0,0.0,0.0,2.19,0.06,0.0,1.0,0.0,7.0,8.0,9.0,12.0,80.0,40.0,3.70260924404,0.200189264133,0.0,0.0,6.0,6.0,6.0,6.0,40.0,80.0,13.0,30.0,4,14,6,18,5,8,360965579.574667,1.3930869999999997,1.6438359999999996,14.163847,293.80419,0.7414880000000001,0.4205340000000001,0.236875,0.17594500000000005,3.4051490000000006,Vaccinium - Heather shrubland,0.0,237
133,133,47.667,-120.824,WF,46.0,201407010000Z,10.0,WA,USA,53007,2810001000,0.1,0.4,1.7,4.4,13.6,0.0,0.43,0.12,24.9,1.3,0.08,7.0,8.0,9.0,12.0,80.0,40.0,19.414114857,16.4475081102,18.2295251116,4.26904193903,6.0,6.0,6.0,6.0,40.0,80.0,13.0,30.0,4,14,6,18,5,8,2316286169.5548277,32.988762999999985,38.926748999999994,398.748562,3691.819776000001,19.126788000000005,3.6072239999999978,6.508880000000002,2.435884,93.56513199999999,Whitebark pine / Subalpine fir forest,11.45,61
134,134,48.432,-120.344,WF,46.0,201407010000Z,10.0,WA,USA,53047,2810001000,0.4,0.9,0.4,0.4,1.1,0.6,0.22,0.15,2.8,1.1,0.06,7.0,8.0,9.0,12.0,80.0,40.0,12.5342169728,4.11581184289,3.07629591419,2.67918384103,6.0,6.0,6.0,6.0,40.0,80.0,13.0,30.0,4,14,6,18,5,8,1307653300.510638,9.692664000000004,11.437339000000009,110.82152200000002,1411.4454940000012,5.462898000000003,1.6953160000000007,1.8224270000000002,0.8888299999999996,26.19736699999999,Douglas-fir - ponderosa pine forest,13.52,52
135,135,48.393,-120.637,WF,46.0,201407010000Z,10.0,WA,USA,53007,2810001000,0.0,0.0,0.0,0.0,0.0,0.0,2.19,0.06,0.0,1.0,0.0,7.0,8.0,9.0,12.0,80.0,40.0,3.70260924404,0.200189264133,0.0,0.0,6.0,6.0,6.0,6.0,40.0,80.0,13.0,30.0,4,14,6,18,5,8,360965579.574667,1.3930869999999997,1.6438359999999996,14.163847,293.80419,0.7414880000000001,0.4205340000000001,0.236875,0.17594500000000005,3.4051490000000006,Vaccinium - Heather shrubland,0.0,237
136,136,46.012,-116.944,WF,46.0,201407010000Z,10.0,WA,USA,53003,2810001000,0.0,0.0,0.0,0.0,0.0,0.0,0.0,1.81,0.0,1.0,0.21,7.0,8.0,9.0,12.0,80.0,40.0,1.77175617672,0.0932503250906,0.0,0.0,6.0,6.0,6.0,6.0,40.0,80.0,13.0,30.0,4,14,6,18,5,8,172674041.39001694,0.664673,0.7843029999999999,6.753059000000001,140.427289,0.35366400000000003,0.20112100000000002,0.11296000000000002,0.084072,1.623688,Idaho fescue - Bluebunch wheatgrass grassland,0.0,235
137,137,48.329,-120.663,WF,46.0,201407010000Z,10.0,WA,USA,53007,2810001000,0.4,0.9,0.4,0.4,1.1,0.6,0.22,0.15,2.8,1.1,0.06,7.0,8.0,9.0,12.0,80.0,40.0,12.5342169728,4.11581184289,3.07629591419,2.67918384103,6.0,6.0,6.0,6.0,40.0,80.0,13.0,30.0,4,14,6,18,5,8,1307653300.510638,9.692664000000004,11.437339000000009,110.82152200000002,1411.4454940000012,5.462898000000003,1.6953160000000007,1.8224270000000002,0.8888299999999996,26.19736699999999,Douglas-fir - ponderosa pine forest,13.52,52
138,138,47.465,-120.673,WF,46.0,201407010000Z,10.0,WA,USA,53007,2810001000,0.4,0.9,0.4,0.4,1.1,0.6,0.22,0.15,2.8,1.1,0.06,7.0,8.0,9.0,12.0,80.0,40.0,12.5342169728,4.11581184289,3.07629591419,2.67918384103,6.0,6.0,6.0,6.0,40.0,80.0,13.0,30.0,4,14,6,18,5,8,1307653300.510638,9.692664000000004,11.437339000000009,110.82152200000002,1411.4454940000012,5.462898000000003,1.6953160000000007,1.8224270000000002,0.8888299999999996,26.19736699999999,Douglas-fir - ponderosa pine forest,13.52,52
139,139,47.461,-120.702,WF,46.0,201407010000Z,10.0,WA,USA,53007,2810001000,0.5,1.6,3.3,4.3,8.9,3.4,0.78,0.05,3.0,2.0,0.01,7.0,8.0,9.0,12.0,80.0,40.0,22.1465470229,19.8898156124,17.7151399416,12.7588589765,6.0,6.0,6.0,6.0,40.0,80.0,13.0,30.0,4,14,6,18,5,8,2667301490.6098204,36.14508300000001,42.65120600000001,436.08837899999986,4086.902045,20.936707,4.033754,7.120113999999999,2.691141999999999,102.35158299999999,Grand fir - Douglas-fir forest,11.21,208
14,14,47.576,-120.302,WF,46.0,201407010000Z,10.0,WA,USA,53007,2810001000,0.0,0.0,0.0,0.0,0.0,0.0,0.34,0.11,0.0,1.0,0.09,7.0,8.0,9.0,12.0,80.0,40.0,0.620784150908,0.0455434978896,0.0,0.0,6.0,6.0,6.0,6.0,40.0,80.0,13.0,30.0,4,14,6,18,5,8,60795313.8827,0.242728,0.286429,2.4905169999999996,50.027302,0.129754,0.071007,0.04159099999999999,0.030043999999999994,0.5979260000000001,Sagebrush Shrubland - Sparse,0.0,60
140,140,47.675,-120.842,WF,46.0,201407010000Z,10.0,WA,USA,53007,2810001000,0.1,0.4,1.7,4.4,13.6,0.0,0.43,0.12,24.9,1.3,0.08,7.0,8.0,9.0,12.0,80.0,40.0,19.414114857,16.4475081102,18.2295251116,4.26904193903,6.0,6.0,6.0,6.0,40.0,80.0,13.0,30.0,4,14,6,18,5,8,2316286169.5548277,32.988762999999985,38.926748999999994,398.748562,3691.819776000001,19.126788000000005,3.6072239999999978,6.508880000000002,2.435884,93.56513199999999,Whitebark pine / Subalpine fir forest,11.45,61
141,141,48.409,-120.443,WF,46.0,201407010000Z,10.0,WA,USA,53047,2810001000,0.4,0.9,0.4,0.4,1.1,0.6,0.22,0.15,2.8,1.1,0.06,7.0,8.0,9.0,12.0,80.0,40.0,12.5342169728,4.11581184289,3.07629591419,2.67918384103,6.0,6.0,6.0,6.0,40.0,80.0,13.0,30.0,4,14,6,18,5,8,1307653300.510638,9.692664000000004,11.437339000000009,110.82152200000002,1411.4454940000012,5.462898000000003,1.6953160000000007,1.8224270000000002,0.8888299999999996,26.19736699999999,Douglas-fir - ponderosa pine forest,13.52,52
142,142,46.017,-116.989,WF,46.0,201407010000Z,10.0,WA,USA,53003,2810001000,0.0,0.0,0.0,0.0,0.0,0.0,1.57,0.36,0.0,1.0,0.36,7.0,8.0,9.0,12.0,80.0,40.0,3.02423218702,0.185990756267,0.0,0.0,6.0,6.0,6.0,6.0,40.0,80.0,13.0,30.0,4,14,6,18,5,8,295345286.944839,1.1550500000000001,1.362959,11.786094,241.41535299999993,0.6158480000000001,0.34442000000000006,0.19700699999999996,0.14471,2.831971999999999,Sagebrush shrubland,0.0,56
143,143,48.013,-120.522,WF,46.0,201407010000Z,10.0,WA,USA,53007,2810001000,0.0,0.0,0.0,0.0,0.0,0.0,0.0,1.28,0.0,0.0,0.07,7.0,8.0,9.0,12.0,80.0,40.0,1.22400098993,0.0644211047332,0.0,0.0,6.0,6.0,6.0,6.0,40.0,80.0,13.0,30.0,4,14,6,18,5,8,119290810.43361601,0.45918299999999995,0.5418240000000001,4.665297,97.01306199999998,0.24431899999999995,0.138949,0.078032,0.058088,1.1217149999999998,Showy sedge - Alpine black sedge grassland,0.0,63
144,144,47.465,-120.673,WF,46.0,201407010000Z,10.0,WA,USA,53007,2810001000,0.4,0.9,0.4,0.4,1.1,0.6,0.22,0.15,2.8,1.1,0.06,7.0,8.0,9.0,12.0,80.0,40.0,12.5342169728,4.11581184289,3.07629591419,2.67918384103,6.0,6.0,6.0,6.0,40.0,80.0,13.0,30.0,4,14,6,18,5,8,1307653300.510638,9.692664000000004,11.437339000000009,110.82152200000002,1411.4454940000012,5.462898000000003,1.6953160000000007,1.8224270000000002,0.8888299999999996,26.19736699999999,Douglas-fir - ponderosa pine forest,13.52,52
145,145,47.461,-120.702,WF,46.0,201407010000Z,10.0,WA,USA,53007,2810001000,0.5,1.6,3.3,4.3,8.9,3.4,0.78,0.05,3.0,2.0,0.01,7.0,8.0,9.0,12.0,80.0,40.0,22.1465470229,19.8898156124,17.7151399416,12.7588589765,6.0,6.0,6.0,6.0,40.0,80.0,13.0,30.0,4,14,6,18,5,8,2667301490.6098204,36.14508300000001,42.65120600000001,436.08837899999986,4086.902045,20.936707,4.033754,7.120113999999999,2.691141999999999,102.35158299999999,Grand fir - Douglas-fir forest,11.21,208
146,146,47.69,-120.877,WF,46.0,201407010000Z,10.0,WA,USA,53007,2810001000,0.1,0.4,1.7,4.4,13.6,0.0,0.43,0.12,24.9,1.3,0.08,7.0,8.0,9.0,12.0,80.0,40.0,19.414114857,16.4475081102,18.2295251116,4.26904193903,6.0,6.0,6.0,6.0,40.0,80.0,13.0,30.0,4,14,6,18,5,8,2316286169.5548277,32.988762999999985,38.926748999999994,398.748562,3691.819776000001,19.126788000000005,3.6072239999999978,6.508880000000002,2.435884,93.56513199999999,Whitebark pine / Subalpine fir forest,11.45,61
147,147,48.3,-118.652,WF,46.0,201407010000Z,10.0,WA,USA,53019,2810001000,0.4,0.9,0.4,0.4,1.1,0.6,0.22,0.15,2.8,1.1,0.06,7.0,8.0,9.0,12.0,80.0,40.0,12.5342169728,4.11581184289,3.07629591419,2.67918384103,6.0,6.0,6.0,6.0,40.0,80.0,13.0,30.0,4,14,6,18,5,8,1307653300.510638,9.692664000000004,11.437339000000009,110.82152200000002,1411.4454940000012,5.462898000000003,1.6953160000000007,1.8224270000000002,0.8888299999999996,26.19736699999999,Douglas-fir - ponderosa pine forest,13.52,52
148,148,48.403,-120.411,WF,46.0,201407010000Z,10.0,WA,USA,53047,2810001000,0.4,0.9,0.4,0.4,1.1,0.6,0.22,0.15,2.8,1.1,0.06,7.0,8.0,9.0,12.0,80.0,40.0,12.5342169728,4.11581184289,3.07629591419,2.67918384103,6.0,6.0,6.0,6.0,40.0,80.0,13.0,30.0,4,14,6,18,5,8,1307653300.510638,9.692664000000004,11.437339000000009,110.82152200000002,1411.4454940000012,5.462898000000003,1.6953160000000007,1.8224270000000002,0.8888299999999996,26.19736699999999,Douglas-fir - ponderosa pine forest,13.52,52
149,149,47.667,-120.824,WF,46.0,201407010000Z,10.0,WA,USA,53007,2810001000,0.1,0.4,1.7,4.4,13.6,0.0,0.43,0.12,24.9,1.3,0.08,7.0,8.0,9.0,12.0,80.0,40.0,19.414114857,16.4475081102,18.2295251116,4.26904193903,6.0,6.0,6.0,6.0,40.0,80.0,13.0,30.0,4,14,6,18,5,8,2316286169.5548277,32.988762999999985,38.926748999999994,398.748562,3691.819776000001,19.126788000000005,3.6072239999999978,6.508880000000002,2.435884,93.56513199999999,Whitebark pine / Subalpine fir forest,11.45,61
15,15,47.605,-120.386,WF,46.0,201407010000Z,10.0,WA,USA,53007,2810001000,0.0,0.0,0.0,0.0,0.0,0.0,0.34,0.11,0.0,1.0,0.09,7.0,8.0,9.0,12.0,80.0,40.0,0.620784150908,0.0455434978896,0.0,0.0,6.0,6.0,6.0,6.0,40.0,80.0,13.0,30.0,4,14,6,18,5,8,60795313.8827,0.242728,0.286429,2.4905169999999996,50.027302,0.129754,0.071007,0.04159099999999999,0.030043999999999994,0.5979260000000001,Sagebrush Shrubland - Sparse,0.0,60
150,150,47.69,-120.877,WF,46.0,201407010000Z,10.0,WA,USA,53007,2810001000,0.1,0.4,1.7,4.4,13.6,0.0,0.43,0.12,24.9,1.3,0.08,7.0,8.0,9.0,12.0,80.0,40.0,19.414114857,16.4475081102,18.2295251116,4.26904193903,6.0,6.0,6.0,6.0,40.0,80.0,13.0,30.0,4,14,6,18,5,8,2316286169.5548277,32.988762999999985,38.926748999999994,398.748562,3691.819776000001,19.126788000000005,3.6072239999999978,6.508880000000002,2.435884,93.56513199999999,Whitebark pine / Subalpine fir forest,11.45,61
151,151,48.3,-118.652,WF,46.0,201407010000Z,10.0,WA,USA,53019,2810001000,0.4,0.9,0.4,0.4,1.1,0.6,0.22,0.15,2.8,1.1,0.06,7.0,8.0,9.0,12.0,80.0,40.0,12.5342169728,4.11581184289,3.07629591419,2.67918384103,6.0,6.0,6.0,6.0,40.0,80.0,13.0,30.0,4,14,6,18,5,8,1307653300.510638,9.692664000000004,11.437339000000009,110.82152200000002,1411.4454940000012,5.462898000000003,1.6953160000000007,1.8224270000000002,0.8888299999999996,26.19736699999999,Douglas-fir - ponderosa pine forest,13.52,52
152,152,48.525,-120.021,WF,46.0,201407010000Z,10.0,WA,USA,53047,2810001000,0.4,0.9,0.4,0.4,1.1,0.6,0.22,0.15,2.8,1.1,0.06,7.0,8.0,9.0,12.0,80.0,40.0,12.5342169728,4.11581184289,3.07629591419,2.67918384103,6.0,6.0,6.0,6.0,40.0,80.0,13.0,30.0,4,14,6,18,5,8,1307653300.510638,9.692664000000004,11.437339000000009,110.82152200000002,1411.4454940000012,5.462898000000003,1.6953160000000007,1.8224270000000002,0.8888299999999996,26.19736699999999,Douglas-fir - ponderosa pine forest,13.52,52
153,153,48.403,-120.411,WF,46.0,201407010000Z,10.0,WA,USA,53047,2810001000,0.4,0.9,0.4,0.4,1.1,0.6,0.22,0.15,2.8,1.1,0.06,7.0,8.0,9.0,12.0,80.0,40.0,12.5342169728,4.11581184289,3.07629591419,2.67918384103,6.0,6.0,6.0,6.0,40.0,80.0,13.0,30.0,4,14,6,18,5,8,1307653300.510638,9.692664000000004,11.437339000000009,110.82152200000002,1411.4454940000012,5.462898000000003,1.6953160000000007,1.8224270000000002,0.8888299999999996,26.19736699999999,Douglas-fir - ponderosa pine forest,13.52,52
154,154,46.092,-116.948,WF,46.0,201407010000Z,10.0,ID,USA,16069,2810001000,0.0,0.0,0.0,0.0,0.0,0.0,0.0,1.81,0.0,1.0,0.21,7.0,8.0,9.0,12.0,80.0,40.0,1.77175617672,0.0932503250906,0.0,0.0,6.0,6.0,6.0,6.0,40.0,80.0,13.0,30.0,4,14,6,18,5,8,172674041.39001694,0.664673,0.7843029999999999,6.753059000000001,140.427289,0.35366400000000003,0.20112100000000002,0.11296000000000002,0.084072,1.623688,Idaho fescue - Bluebunch wheatgrass grassland,0.0,235
155,155,46.102,-116.95,WF,46.0,201407010000Z,10.0,ID,USA,16069,2810001000,0.0,0.0,0.0,0.0,0.0,0.0,0.0,1.81,0.0,1.0,0.21,7.0,8.0,9.0,12.0,80.0,40.0,1.77175617672,0.0932503250906,0.0,0.0,6.0,6.0,6.0,6.0,40.0,80.0,13.0,30.0,4,14,6,18,5,8,172674041.39001694,0.664673,0.7843029999999999,6.753059000000001,140.427289,0.35366400000000003,0.20112100000000002,0.11296000000000002,0.084072,1.623688,Idaho fescue - Bluebunch wheatgrass grassland,0.0,235
156,156,46.109,-116.98,WF,46.0,201407010000Z,10.0,WA,USA,53003,2810001000,0.0,0.0,0.0,0.0,0.0,0.0,0.0,1.81,0.0,1.0,0.21,7.0,8.0,9.0,12.0,80.0,40.0,1.77175617672,0.0932503250906,0.0,0.0,6.0,6.0,6.0,6.0,40.0,80.0,13.0,30.0,4,14,6,18,5,8,172674041.39001694,0.664673,0.7843029999999999,6.753059000000001,140.427289,0.35366400000000003,0.20112100000000002,0.11296000000000002,0.084072,1.623688,Idaho fescue - Bluebunch wheatgrass grassland,0.0,235
157,157,46.119,-116.982,WF,46.0,201407010000Z,10.0,WA,USA,53003,2810001000,0.0,0.0,0.0,0.0,0.0,0.0,0.34,0.11,0.0,1.0,0.09,7.0,8.0,9.0,12.0,80.0,40.0,0.620784150908,0.0455434978896,0.0,0.0,6.0,6.0,6.0,6.0,40.0,80.0,13.0,30.0,4,14,6,18,5,8,60795313.8827,0.242728,0.286429,2.4905169999999996,50.027302,0.129754,0.071007,0.04159099999999999,0.030043999999999994,0.5979260000000001,Sagebrush Shrubland - Sparse,0.0,60
158,158,46.097,-116.992,WF,46.0,201407010000Z,10.0,WA,USA,53003,2810001000,0.0,0.0,0.0,0.0,0.0,0.0,0.34,0.11,0.0,1.0,0.09,7.0,8.0,9.0,12.0,80.0,40.0,0.620784150908,0.0455434978896,0.0,0.0,6.0,6.0,6.0,6.0,40.0,80.0,13.0,30.0,4,14,6,18,5,8,60795313.8827,0.242728,0.286429,2.4905169999999996,50.027302,0.129754,0.071007,0.04159099999999999,0.030043999999999994,0.5979260000000001,Sagebrush Shrubland - Sparse,0.0,60
159,159,46.094,-117.02,WF,46.0,201407010000Z,10.0,WA,USA,53003,2810001000,0.0,0.0,0.0,0.0,0.0,0.0,0.34,0.11,0.0,1.0,0.09,7.0,8.0,9.0,12.0,80.0,40.0,0.620784150908,0.0455434978896,0.0,0.0,6.0,6.0,6.0,6.0,40.0,80.0,13.0,30.0,4,14,6,18,5,8,60795313.8827,0.242728,0.286429,2.4905169999999996,50.027302,0.129754,0.071007,0.04159099999999999,0.030043999999999994,0.5979260000000001,Sagebrush Shrubland - Sparse,0.0,60
16,16,47.691,-120.351,WF,46.0,201407010000Z,10.0,WA,USA,53007,2810001000,0.0,0.0,0.0,0.0,0.0,0.0,1.57,0.36,0.0,1.0,0.36,7.0,8.0,9.0,12.0,80.0,40.0,3.02423218702,0.185990756267,0.0,0.0,6.0,6.0,6.0,6.0,40.0,80.0,13.0,30.0,4,14,6,18,5,8,295345286.944839,1.1550500000000001,1.362959,11.786094,241.41535299999993,0.6158480000000001,0.34442000000000006,0.19700699999999996,0.14471,2.831971999999999,Sagebrush shrubland,0.0,56
160,160,47.997,-120.638,WF,46.0,201407010000Z,10.0,WA,USA,53007,2810001000,0.1,0.4,1.7,4.4,13.6,0.0,0.43,0.12,24.9,1.3,0.08,7.0,8.0,9.0,12.0,80.0,40.0,19.414114857,16.4475081102,18.2295251116,4.26904193903,6.0,6.0,6.0,6.0,40.0,80.0,13.0,30.0,4,14,6,18,5,8,2316286169.5548277,32.988762999999985,38.926748999999994,398.748562,3691.819776000001,19.126788000000005,3.6072239999999978,6.508880000000002,2.435884,93.56513199999999,Whitebark pine / Subalpine fir forest,11.45,61
161,161,48.3,-118.652,WF,46.0,201407010000Z,10.0,WA,USA,53019,2810001000,0.4,0.9,0.4,0.4,1.1,0.6,0.22,0.15,2.8,1.1,0.06,7.0,8.0,9.0,12.0,80.0,40.0,12.5342169728,4.11581184289,3.07629591419,2.67918384103,6.0,6.0,6.0,6.0,40.0,80.0,13.0,30.0,4,14,6,18,5,8,1307653300.510638,9.692664000000004,11.437339000000009,110.82152200000002,1411.4454940000012,5.462898000000003,1.6953160000000007,1.8224270000000002,0.8888299999999996,26.19736699999999,Douglas-fir - ponderosa pine forest,13.52,52
162,162,45.644,-120.913,WF,46.0,201407010000Z,10.0,OR,USA,53039,2810001000,0.0,0.0,0.0,0.0,0.0,0.0,0.34,0.11,0.0,1.0,0.09,7.0,8.0,9.0,12.0,80.0,40.0,0.620784150908,0.0455434978896,0.0,0.0,6.0,6.0,6.0,6.0,40.0,80.0,13.0,30.0,4,14,6,18,5,8,60795313.8827,0.242728,0.286429,2.4905169999999996,50.027302,0.129754,0.071007,0.04159099999999999,0.030043999999999994,0.5979260000000001,Sagebrush Shrubland - Sparse,0.0,60
163,163,48.407,-120.61,WF,46.0,201407010000Z,10.0,WA,USA,53047,2810001000,0.1,0.4,1.7,4.4,13.6,0.0,0.43,0.12,24.9,1.3,0.08,7.0,8.0,9.0,12.0,80.0,40.0,19.414114857,16.4475081102,18.2295251116,4.26904193903,6.0,6.0,6.0,6.0,40.0,80.0,13.0,30.0,4,14,6,18,5,8,2316286169.5548277,32.988762999999985,38.926748999999994,398.748562,3691.819776000001,19.126788000000005,3.6072239999999978,6.508880000000002,2.435884,93.56513199999999,Whitebark pine / Subalpine fir forest,11.45,61
164,164,48.372,-120.645,WF,46.0,201407010000Z,10.0,WA,USA,53007,2810001000,0.0,0.0,0.0,0.0,0.0,0.0,2.19,0.06,0.0,1.0,0.0,7.0,8.0,9.0,12.0,80.0,40.0,3.70260924404,0.200189264133,0.0,0.0,6.0,6.0,6.0,6.0,40.0,80.0,13.0,30.0,4,14,6,18,5,8,360965579.574667,1.3930869999999997,1.6438359999999996,14.163847,293.80419,0.7414880000000001,0.4205340000000001,0.236875,0.17594500000000005,3.4051490000000006,Vaccinium - Heather shrubland,0.0,237
165,165,48.717,-120.261,WF,46.0,201407010000Z,10.0,WA,USA,53047,2810001000,0.4,0.9,0.4,0.4,1.1,0.6,0.22,0.15,2.8,1.1,0.06,7.0,8.0,9.0,12.0,80.0,40.0,12.5342169728,4.11581184289,3.07629591419,2.67918384103,6.0,6.0,6.0,6.0,40.0,80.0,13.0,30.0,4,14,6,18,5,8,1307653300.510638,9.692664000000004,11.437339000000009,110.82152200000002,1411.4454940000012,5.462898000000003,1.6953160000000007,1.8224270000000002,0.8888299999999996,26.19736699999999,Douglas-fir - ponderosa pine forest,13.52,52
166,166,48.793,-120.299,WF,46.0,201407010000Z,10.0,WA,USA,53047,2810001000,0.1,0.4,1.7,4.4,13.6,0.0,0.43,0.12,24.9,1.3,0.08,7.0,8.0,9.0,12.0,80.0,40.0,19.414114857,16.4475081102,18.2295251116,4.26904193903,6.0,6.0,6.0,6.0,40.0,80.0,13.0,30.0,4,14,6,18,5,8,2316286169.5548277,32.988762999999985,38.926748999999994,398.748562,3691.819776000001,19.126788000000005,3.6072239999999978,6.508880000000002,2.435884,93.56513199999999,Whitebark pine / Subalpine fir forest,11.45,61
167,167,48.456,-120.397,WF,46.0,201407010000Z,10.0,WA,USA,53047,2810001000,0.4,0.9,0.4,0.4,1.1,0.6,0.22,0.15,2.8,1.1,0.06,7.0,8.0,9.0,12.0,80.0,40.0,12.5342169728,4.11581184289,3.07629591419,2.67918384103,6.0,6.0,6.0,6.0,40.0,80.0,13.0,30.0,4,14,6,18,5,8,1307653300.510638,9.692664000000004,11.437339000000009,110.82152200000002,1411.4454940000012,5.462898000000003,1.6953160000000007,1.8224270000000002,0.8888299999999996,26.19736699999999,Douglas-fir - ponderosa pine forest,13.52,52
168,168,48.464,-120.414,WF,46.0,201407010000Z,10.0,WA,USA,53047,2810001000,0.1,0.4,1.7,4.4,13.6,0.0,0.43,0.12,24.9,1.3,0.08,7.0,8.0,9.0,12.0,80.0,40.0,19.414114857,16.4475081102,18.2295251116,4.26904193903,6.0,6.0,6.0,6.0,40.0,80.0,13.0,30.0,4,14,6,18,5,8,2316286169.5548277,32.988762999999985,38.926748999999994,398.748562,3691.819776000001,19.126788000000005,3.6072239999999978,6.508880000000002,2.435884,93.56513199999999,Whitebark pine / Subalpine fir forest,11.45,61
169,169,48.403,-120.411,WF,46.0,201407010000Z,10.0,WA,USA,53047,2810001000,0.4,0.9,0.4,0.4,1.1,0.6,0.22,0.15,2.8,1.1,0.06,7.0,8.0,9.0,12.0,80.0,40.0,12.5342169728,4.11581184289,3.07629591419,2.67918384103,6.0,6.0,6.0,6.0,40.0,80.0,13.0,30.0,4,14,6,18,5,8,1307653300.510638,9.692664000000004,11.437339000000009,110.82152200000002,1411.4454940000012,5.462898000000003,1.6953160000000007,1.8224270000000002,0.8888299999999996,26.19736699999999,Douglas-fir - ponderosa pine forest,13.52,52
17,17,47.678,-120.377,WF,46.0,201407010000Z,10.0,WA,USA,53007,2810001000,0.0,0.0,0.0,0.0,0.0,0.0,0.34,0.11,0.0,1.0,0.09,7.0,8.0,9.0,12.0,80.0,40.0,0.620784150908,0.0455434978896,0.0,0.0,6.0,6.0,6.0,6.0,40.0,80.0,13.0,30.0,4,14,6,18,5,8,60795313.8827,0.242728,0.286429,2.4905169999999996,50.027302,0.129754,0.071007,0.04159099999999999,0.030043999999999994,0.5979260000000001,Sagebrush Shrubland - Sparse,0.0,60
170,170,48.378,-120.602,WF,46.0,201407010000Z,10.0,WA,USA,53047,2810001000,0.1,0.4,1.7,4.4,13.6,0.0,0.43,0.12,24.9,1.3,0.08,7.0,8.0,9.0,12.0,80.0,40.0,19.414114857,16.4475081102,18.2295251116,4.26904193903,6.0,6.0,6.0,6.0,40.0,80.0,13.0,30.0,4,14,6,18,5,8,2316286169.5548277,32.988762999999985,38.926748999999994,398.748562,3691.819776000001,19.126788000000005,3.6072239999999978,6.508880000000002,2.435884,93.56513199999999,Whitebark pine / Subalpine fir forest,11.45,61
171,171,48.013,-120.522,WF,46.0,201407010000Z,10.0,WA,USA,53007,2810001000,0.0,0.0,0.0,0.0,0.0,0.0,0.0,1.28,0.0,0.0,0.07,7.0,8.0,9.0,12.0,80.0,40.0,1.22400098993,0.0644211047332,0.0,0.0,6.0,6.0,6.0,6.0,40.0,80.0,13.0,30.0,4,14,6,18,5,8,119290810.43361601,0.45918299999999995,0.5418240000000001,4.665297,97.01306199999998,0.24431899999999995,0.138949,0.078032,0.058088,1.1217149999999998,Showy sedge - Alpine black sedge grassland,0.0,63
172,172,47.128,-121.049,WF,46.0,201407010000Z,10.0,WA,USA,53037,2810001000,0.5,1.6,3.3,4.3,8.9,3.4,0.78,0.05,3.0,2.0,0.01,7.0,8.0,9.0,12.0,80.0,40.0,22.1465470229,19.8898156124,17.7151399416,12.7588589765,6.0,6.0,6.0,6.0,40.0,80.0,13.0,30.0,4,14,6,18,5,8,2667301490.6098204,36.14508300000001,42.65120600000001,436.08837899999986,4086.902045,20.936707,4.033754,7.120113999999999,2.691141999999999,102.35158299999999,Grand fir - Douglas-fir forest,11.21,208
173,173,48.793,-120.299,WF,46.0,201407010000Z,10.0,WA,USA,53047,2810001000,0.1,0.4,1.7,4.4,13.6,0.0,0.43,0.12,24.9,1.3,0.08,7.0,8.0,9.0,12.0,80.0,40.0,19.414114857,16.4475081102,18.2295251116,4.26904193903,6.0,6.0,6.0,6.0,40.0,80.0,13.0,30.0,4,14,6,18,5,8,2316286169.5548277,32.988762999999985,38.926748999999994,398.748562,3691.819776000001,19.126788000000005,3.6072239999999978,6.508880000000002,2.435884,93.56513199999999,Whitebark pine / Subalpine fir forest,11.45,61
174,174,48.403,-120.411,WF,46.0,201407010000Z,10.0,WA,USA,53047,2810001000,0.4,0.9,0.4,0.4,1.1,0.6,0.22,0.15,2.8,1.1,0.06,7.0,8.0,9.0,12.0,80.0,40.0,12.5342169728,4.11581184289,3.07629591419,2.67918384103,6.0,6.0,6.0,6.0,40.0,80.0,13.0,30.0,4,14,6,18,5,8,1307653300.510638,9.692664000000004,11.437339000000009,110.82152200000002,1411.4454940000012,5.462898000000003,1.6953160000000007,1.8224270000000002,0.8888299999999996,26.19736699999999,Douglas-fir - ponderosa pine forest,13.52,52
175,175,48.393,-120.637,WF,46.0,201407010000Z,10.0,WA,USA,53007,2810001000,0.0,0.0,0.0,0.0,0.0,0.0,2.19,0.06,0.0,1.0,0.0,7.0,8.0,9.0,12.0,80.0,40.0,3.70260924404,0.200189264133,0.0,0.0,6.0,6.0,6.0,6.0,40.0,80.0,13.0,30.0,4,14,6,18,5,8,360965579.574667,1.3930869999999997,1.6438359999999996,14.163847,293.80419,0.7414880000000001,0.4205340000000001,0.236875,0.17594500000000005,3.4051490000000006,Vaccinium - Heather shrubland,0.0,237
176,176,48.378,-120.602,WF,46.0,201407010000Z,10.0,WA,USA,53047,2810001000,0.1,0.4,1.7,4.4,13.6,0.0,0.43,0.12,24.9,1.3,0.08,7.0,8.0,9.0,12.0,80.0,40.0,19.414114857,16.4475081102,18.2295251116,4.26904193903,6.0,6.0,6.0,6.0,40.0,80.0,13.0,30.0,4,14,6,18,5,8,2316286169.5548277,32.988762999999985,38.926748999999994,398.748562,3691.819776000001,19.126788000000005,3.6072239999999978,6.508880000000002,2.435884,93.56513199999999,Whitebark pine / Subalpine fir forest,11.45,61
177,177,48.374,-120.631,WF,46.0,201407010000Z,10.0,WA,USA,53007,2810001000,0.0,0.0,0.0,0.0,0.0,0.0,2.19,0.06,0.0,1.0,0.0,7.0,8.0,9.0,12.0,80.0,40.0,3.70260924404,0.200189264133,0.0,0.0,6.0,6.0,6.0,6.0,40.0,80.0,13.0,30.0,4,14,6,18,5,8,360965579.574667,1.3930869999999997,1.6438359999999996,14.163847,293.80419,0.7414880000000001,0.4205340000000001,0.236875,0.17594500000000005,3.4051490000000006,Vaccinium - Heather shrubland,0.0,237
178,178,48.161,-118.283,WF,46.0,201407010000Z,10.0,WA,USA,53019,2810001000,0.0,0.0,0.0,0.0,0.0,0.0,0.0,1.81,0.0,1.0,0.21,7.0,8.0,9.0,12.0,80.0,40.0,0.60810453365,0.032005501771,0.0,0.0,6.0,6.0,6.0,6.0,40.0,80.0,13.0,30.0,4,14,6,18,5,8,59265700.03153999,0.22812799999999997,0.2691939999999999,2.3177969999999997,48.19767999999999,0.12137899999999999,0.06903200000000001,0.038761000000000004,0.028850999999999995,0.5572870000000001,Idaho fescue - Bluebunch wheatgrass grassland,0.0,41
179,179,48.3,-118.652,WF,46.0,201407010000Z,10.0,WA,USA,53019,2810001000,0.4,0.9,0.4,0.4,1.1,0.6,0.22,0.15,2.8,1.1,0.06,7.0,8.0,9.0,12.0,80.0,40.0,12.5342169728,4.11581184289,3.07629591419,2.67918384103,6.0,6.0,6.0,6.0,40.0,80.0,13.0,30.0,4,14,6,18,5,8,1307653300.510638,9.692664000000004,11.437339000000009,110.82152200000002,1411.4454940000012,5.462898000000003,1.6953160000000007,1.8224270000000002,0.8888299999999996,26.19736699999999,Douglas-fir - ponderosa pine forest,13.52,52
18,18,47.598,-120.368,WF,46.0,201407010000Z,10.0,WA,USA,53007,2810001000,0.0,0.0,0.0,0.0,0.0,0.0,0.34,0.11,0.0,1.0,0.09,7.0,8.0,9.0,12.0,80.0,40.0,0.620784150908,0.0455434978896,0.0,0.0,6.0,6.0,6.0,6.0,40.0,80.0,13.0,30.0,4,14,6,18,5,8,60795313.8827,0.242728,0.286429,2.4905169999999996,50.027302,0.129754,0.071007,0.04159099999999999,0.030043999999999994,0.5979260000000001,Sagebrush Shrubland - Sparse,0.0,60
180,180,47.128,-121.049,WF,46.0,201407010000Z,10.0,WA,USA,53037,2810001000,0.5,1.6,3.3,4.3,8.9,3.4,0.78,0.05,3.0,2.0,0.01,7.0,8.0,9.0,12.0,80.0,40.0,22.1465470229,19.8898156124,17.7151399416,12.7588589765,6.0,6.0,6.0,6.0,40.0,80.0,13.0,30.0,4,14,6,18,5,8,2667301490.6098204,36.14508300000001,42.65120600000001,436.08837899999986,4086.902045,20.936707,4.033754,7.120113999999999,2.691141999999999,102.35158299999999,Grand fir - Douglas-fir forest,11.21,208
181,181,48.432,-120.344,WF,46.0,201407010000Z,10.0,WA,USA,53047,2810001000,0.4,0.9,0.4,0.4,1.1,0.6,0.22,0.15,2.8,1.1,0.06,7.0,8.0,9.0,12.0,80.0,40.0,12.5342169728,4.11581184289,3.07629591419,2.67918384103,6.0,6.0,6.0,6.0,40.0,80.0,13.0,30.0,4,14,6,18,5,8,1307653300.510638,9.692664000000004,11.437339000000009,110.82152200000002,1411.4454940000012,5.462898000000003,1.6953160000000007,1.8224270000000002,0.8888299999999996,26.19736699999999,Douglas-fir - ponderosa pine forest,13.52,52
182,182,48.456,-120.397,WF,46.0,201407010000Z,10.0,WA,USA,53047,2810001000,0.4,0.9,0.4,0.4,1.1,0.6,0.22,0.15,2.8,1.1,0.06,7.0,8.0,9.0,12.0,80.0,40.0,12.5342169728,4.11581184289,3.07629591419,2.67918384103,6.0,6.0,6.0,6.0,40.0,80.0,13.0,30.0,4,14,6,18,5,8,1307653300.510638,9.692664000000004,11.437339000000009,110.82152200000002,1411.4454940000012,5.462898000000003,1.6953160000000007,1.8224270000000002,0.8888299999999996,26.19736699999999,Douglas-fir - ponderosa pine forest,13.52,52
183,183,48.464,-120.414,WF,46.0,201407010000Z,10.0,WA,USA,53047,2810001000,0.1,0.4,1.7,4.4,13.6,0.0,0.43,0.12,24.9,1.3,0.08,7.0,8.0,9.0,12.0,80.0,40.0,19.414114857,16.4475081102,18.2295251116,4.26904193903,6.0,6.0,6.0,6.0,40.0,80.0,13.0,30.0,4,14,6,18,5,8,2316286169.5548277,32.988762999999985,38.926748999999994,398.748562,3691.819776000001,19.126788000000005,3.6072239999999978,6.508880000000002,2.435884,93.56513199999999,Whitebark pine / Subalpine fir forest,11.45,61
184,184,48.403,-120.411,WF,46.0,201407010000Z,10.0,WA,USA,53047,2810001000,0.4,0.9,0.4,0.4,1.1,0.6,0.22,0.15,2.8,1.1,0.06,7.0,8.0,9.0,12.0,80.0,40.0,12.5342169728,4.11581184289,3.07629591419,2.67918384103,6.0,6.0,6.0,6.0,40.0,80.0,13.0,30.0,4,14,6,18,5,8,1307653300.510638,9.692664000000004,11.437339000000009,110.82152200000002,1411.4454940000012,5.462898000000003,1.6953160000000007,1.8224270000000002,0.8888299999999996,26.19736699999999,Douglas-fir - ponderosa pine forest,13.52,52
185,185,47.128,-121.049,WF,46.0,201407010000Z,10.0,WA,USA,53037,2810001000,0.5,1.6,3.3,4.3,8.9,3.4,0.78,0.05,3.0,2.0,0.01,7.0,8.0,9.0,12.0,80.0,40.0,22.1465470229,19.8898156124,17.7151399416,12.7588589765,6.0,6.0,6.0,6.0,40.0,80.0,13.0,30.0,4,14,6,18,5,8,2667301490.6098204,36.14508300000001,42.65120600000001,436.08837899999986,4086.902045,20.936707,4.033754,7.120113999999999,2.691141999999999,102.35158299999999,Grand fir - Douglas-fir forest,11.21,208
186,186,48.789,-120.252,WF,46.0,201407010000Z,10.0,WA,USA,53047,2810001000,0.0,0.0,0.0,0.0,0.0,0.0,2.19,0.06,0.0,1.0,0.0,7.0,8.0,9.0,12.0,80.0,40.0,3.70260924404,0.200189264133,0.0,0.0,6.0,6.0,6.0,6.0,40.0,80.0,13.0,30.0,4,14,6,18,5,8,360965579.574667,1.3930869999999997,1.6438359999999996,14.163847,293.80419,0.7414880000000001,0.4205340000000001,0.236875,0.17594500000000005,3.4051490000000006,Vaccinium - Heather shrubland,0.0,237
187,187,48.161,-118.283,WF,46.0,201407010000Z,10.0,WA,USA,53019,2810001000,0.0,0.0,0.0,0.0,0.0,0.0,0.0,1.81,0.0,1.0,0.21,7.0,8.0,9.0,12.0,80.0,40.0,0.60810453365,0.032005501771,0.0,0.0,6.0,6.0,6.0,6.0,40.0,80.0,13.0,30.0,4,14,6,18,5,8,59265700.03153999,0.22812799999999997,0.2691939999999999,2.3177969999999997,48.19767999999999,0.12137899999999999,0.06903200000000001,0.038761000000000004,0.028850999999999995,0.5572870000000001,Idaho fescue - Bluebunch wheatgrass grassland,0.0,41
188,188,47.014,-122.429,WF,46.0,201407010000Z,10.0,WA,USA,53053,2810001000,0.2,0.8,1.3,0.5,0.5,0.0,1.15,0.09,5.0,1.0,0.01,7.0,8.0,9.0,12.0,80.0,40.0,12.096836725,3.95130351001,3.2078172912,1.93412842406,6.0,6.0,6.0,6.0,40.0,80.0,13.0,30.0,4,14,6,18,5,8,1261660557.795407,9.520646,11.234362999999998,109.054235,1376.1148340000004,5.370880000000003,1.645222999999999,1.7929119999999998,0.8676060000000001,25.773151,Red alder forest,13.43,305
189,189,47.005,-122.619,WF,46.0,201407010000Z,10.0,WA,USA,53053,2810001000,0.0,0.0,0.0,0.0,0.0,0.0,0.0,1.81,0.0,1.0,0.21,7.0,8.0,9.0,12.0,80.0,40.0,0.60810453365,0.032005501771,0.0,0.0,6.0,6.0,6.0,6.0,40.0,80.0,13.0,30.0,4,14,6,18,5,8,59265700.03153999,0.22812799999999997,0.2691939999999999,2.3177969999999997,48.19767999999999,0.12137899999999999,0.06903200000000001,0.038761000000000004,0.028850999999999995,0.5572870000000001,Idaho fescue - Bluebunch wheatgrass grassland,0.0,41
19,19,47.676,-120.391,WF,46.0,201407010000Z,10.0,WA,USA,53007,2810001000,0.0,0.0,0.0,0.0,0.0,0.0,0.34,0.11,0.0,1.0,0.09,7.0,8.0,9.0,12.0,80.0,40.0,0.620784150908,0.0455434978896,0.0,0.0,6.0,6.0,6.0,6.0,40.0,80.0,13.0,30.0,4,14,6,18,5,8,60795313.8827,0.242728,0.286429,2.4905169999999996,50.027302,0.129754,0.071007,0.04159099999999999,0.030043999999999994,0.5979260000000001,Sagebrush Shrubland - Sparse,0.0,60
190,190,47.015,-122.623,WF,46.0,201407010000Z,10.0,WA,USA,53053,2810001000,0.2,0.8,1.3,0.5,0.5,0.0,1.15,0.09,5.0,1.0,0.01,7.0,8.0,9.0,12.0,80.0,40.0,12.096836725,3.95130351001,3.2078172912,1.93412842406,6.0,6.0,6.0,6.0,40.0,80.0,13.0,30.0,4,14,6,18,5,8,1261660557.795407,9.520646,11.234362999999998,109.054235,1376.1148340000004,5.370880000000003,1.645222999999999,1.7929119999999998,0.8676060000000001,25.773151,Red alder forest,13.43,305
191,191,48.007,-120.49,WF,46.0,201407010000Z,10.0,WA,USA,53007,2810001000,0.0,0.0,0.0,0.0,0.0,0.0,0.0,1.28,0.0,0.0,0.07,7.0,8.0,9.0,12.0,80.0,40.0,1.22400098993,0.0644211047332,0.0,0.0,6.0,6.0,6.0,6.0,40.0,80.0,13.0,30.0,4,14,6,18,5,8,119290810.43361601,0.45918299999999995,0.5418240000000001,4.665297,97.01306199999998,0.24431899999999995,0.138949,0.078032,0.058088,1.1217149999999998,Showy sedge - Alpine black sedge grassland,0.0,63
192,192,47.045,-122.558,WF,46.0,201407010000Z,10.0,WA,USA,53053,2810001000,0.1,0.4,0.8,2.6,2.2,0.0,1.1,0.51,1.7,0.3,0.19,7.0,8.0,9.0,12.0,80.0,40.0,11.9323326069,3.26171854444,2.29997315668,0.00132353444987,6.0,6.0,6.0,6.0,40.0,80.0,13.0,30.0,4,14,6,18,5,8,1227376441.0211809,8.245553999999998,9.729751000000006,93.09804500000007,1261.4444879999996,4.618141,1.560307,1.5336180000000008,0.7883159999999999,22.045686999999997,Oregon white oak - Douglas-fir forest,12.23,6
193,193,47.055,-122.562,WF,46.0,201407010000Z,10.0,WA,USA,53053,2810001000,1.0,2.0,4.0,2.0,3.0,6.0,3.29,0.13,8.0,3.0,0.03,7.0,8.0,9.0,12.0,80.0,40.0,24.1206144022,17.1736860742,38.2844499913,41.3173229352,6.0,6.0,6.0,6.0,40.0,80.0,13.0,30.0,4,14,6,18,5,8,2806277781.4510183,50.416556000000014,59.491537,614.5549830000001,5376.696266000003,29.35882500000001,4.996543000000001,10.020604000000004,3.5820780000000023,144.04625400000006,Western hemlock - Western redcedar - Douglas-fir forest,20.96,2
2,2,47.674,-120.255,WF,46.0,201407010000Z,10.0,WA,USA,53007,2810001000,0.0,0.0,0.0,0.0,0.0,0.0,0.0,0.07,0.0,1.0,0.04,7.0,8.0,9.0,12.0,80.0,40.0,0.0978582351117,0.00515043342693,0.0,0.0,6.0,6.0,6.0,6.0,40.0,80.0,13.0,30.0,4,14,6,18,5,8,9537195.088951,0.036712,0.043311999999999996,0.372987,7.756075999999999,0.019536,0.011111000000000003,0.006237999999999999,0.004644,0.08967900000000002,Wheatgrass - Cheatgrass grassland,0.0,57
20,20,47.576,-120.302,WF,46.0,201407010000Z,10.0,WA,USA,53007,2810001000,0.0,0.0,0.0,0.0,0.0,0.0,0.34,0.11,0.0,1.0,0.09,7.0,8.0,9.0,12.0,80.0,40.0,0.620784150908,0.0455434978896,0.0,0.0,6.0,6.0,6.0,6.0,40.0,80.0,13.0,30.0,4,14,6,18,5,8,60795313.8827,0.242728,0.286429,2.4905169999999996,50.027302,0.129754,0.071007,0.04159099999999999,0.030043999999999994,0.5979260000000001,Sagebrush Shrubland - Sparse,0.0,60
21,21,47.572,-120.331,WF,46.0,201407010000Z,10.0,WA,USA,53007,2810001000,0.0,0.0,0.0,0.0,0.0,0.0,0.34,0.11,0.0,1.0,0.09,7.0,8.0,9.0,12.0,80.0,40.0,0.620784150908,0.0455434978896,0.0,0.0,6.0,6.0,6.0,6.0,40.0,80.0,13.0,30.0,4,14,6,18,5,8,60795313.8827,0.242728,0.286429,2.4905169999999996,50.027302,0.129754,0.071007,0.04159099999999999,0.030043999999999994,0.5979260000000001,Sagebrush Shrubland - Sparse,0.0,60
22,22,48.251,-120.108,WF,46.0,201407010000Z,10.0,WA,USA,53047,2810001000,0.0,0.0,0.0,0.0,0.0,0.0,0.0,1.81,0.0,1.0,0.21,7.0,8.0,9.0,12.0,80.0,40.0,0.60810453365,0.032005501771,0.0,0.0,6.0,6.0,6.0,6.0,40.0,80.0,13.0,30.0,4,14,6,18,5,8,59265700.03153999,0.22812799999999997,0.2691939999999999,2.3177969999999997,48.19767999999999,0.12137899999999999,0.06903200000000001,0.038761000000000004,0.028850999999999995,0.5572870000000001,Idaho fescue - Bluebunch wheatgrass grassland,0.0,41
23,23,48.229,-120.116,WF,46.0,201407010000Z,10.0,WA,USA,53047,2810001000,0.0,0.0,0.0,0.0,0.0,0.0,0.0,1.81,0.0,1.0,0.21,7.0,8.0,9.0,12.0,80.0,40.0,0.60810453365,0.032005501771,0.0,0.0,6.0,6.0,6.0,6.0,40.0,80.0,13.0,30.0,4,14,6,18,5,8,59265700.03153999,0.22812799999999997,0.2691939999999999,2.3177969999999997,48.19767999999999,0.12137899999999999,0.06903200000000001,0.038761000000000004,0.028850999999999995,0.5572870000000001,Idaho fescue - Bluebunch wheatgrass grassland,0.0,41
24,24,48.372,-120.645,WF,46.0,201407010000Z,10.0,WA,USA,53007,2810001000,0.0,0.0,0.0,0.0,0.0,0.0,2.19,0.06,0.0,1.0,0.0,7.0,8.0,9.0,12.0,80.0,40.0,3.70260924404,0.200189264133,0.0,0.0,6.0,6.0,6.0,6.0,40.0,80.0,13.0,30.0,4,14,6,18,5,8,360965579.574667,1.3930869999999997,1.6438359999999996,14.163847,293.80419,0.7414880000000001,0.4205340000000001,0.236875,0.17594500000000005,3.4051490000000006,Vaccinium - Heather shrubland,0.0,237
25,25,48.196,-120.061,WF,46.0,201407010000Z,10.0,WA,USA,53047,2810001000,0.4,0.9,0.4,0.4,1.1,0.6,0.22,0.15,2.8,1.1,0.06,7.0,8.0,9.0,12.0,80.0,40.0,12.5342169728,4.11581184289,3.07629591419,2.67918384103,6.0,6.0,6.0,6.0,40.0,80.0,13.0,30.0,4,14,6,18,5,8,1307653300.510638,9.692664000000004,11.437339000000009,110.82152200000002,1411.4454940000012,5.462898000000003,1.6953160000000007,1.8224270000000002,0.8888299999999996,26.19736699999999,Douglas-fir - ponderosa pine forest,13.52,52
26,26,48.225,-120.146,WF,46.0,201407010000Z,10.0,WA,USA,53047,2810001000,0.4,0.9,0.4,0.4,1.1,0.6,0.22,0.15,2.8,1.1,0.06,7.0,8.0,9.0,12.0,80.0,40.0,12.5342169728,4.11581184289,3.07629591419,2.67918384103,6.0,6.0,6.0,6.0,40.0,80.0,13.0,30.0,4,14,6,18,5,8,1307653300.510638,9.692664000000004,11.437339000000009,110.82152200000002,1411.4454940000012,5.462898000000003,1.6953160000000007,1.8224270000000002,0.8888299999999996,26.19736699999999,Douglas-fir - ponderosa pine forest,13.52,52
27,27,48.345,-120.546,WF,46.0,201407010000Z,10.0,WA,USA,53047,2810001000,0.5,1.0,2.0,6.3,3.9,0.3,1.0,0.26,10.5,3.2,0.04,7.0,8.0,9.0,12.0,80.0,40.0,16.3426260563,19.8651835084,35.0855103654,40.1324584578,6.0,6.0,6.0,6.0,40.0,80.0,13.0,30.0,4,14,6,18,5,8,2155779242.574143,47.43117099999999,55.968778000000015,584.0562989999997,4754.568199999997,27.766206,4.109921999999999,9.510908,3.209017999999999,136.71930700000001,Subalpine fir - Engelmann spruce - Douglas-fir - Lodgepole pine forest,5.85,59
28,28,48.164,-119.992,WF,46.0,201407010000Z,10.0,WA,USA,53047,2810001000,0.0,0.0,0.0,0.0,0.0,0.0,0.34,0.11,0.0,1.0,0.09,7.0,8.0,9.0,12.0,80.0,40.0,0.620784150908,0.0455434978896,0.0,0.0,6.0,6.0,6.0,6.0,40.0,80.0,13.0,30.0,4,14,6,18,5,8,60795313.8827,0.242728,0.286429,2.4905169999999996,50.027302,0.129754,0.071007,0.04159099999999999,0.030043999999999994,0.5979260000000001,Sagebrush Shrubland - Sparse,0.0,60
29,29,48.341,-120.575,WF,46.0,201407010000Z,10.0,WA,USA,53007,2810001000,0.1,0.4,1.7,4.4,13.6,0.0,0.43,0.12,24.9,1.3,0.08,7.0,8.0,9.0,12.0,80.0,40.0,19.414114857,16.4475081102,18.2295251116,4.26904193903,6.0,6.0,6.0,6.0,40.0,80.0,13.0,30.0,4,14,6,18,5,8,2316286169.5548277,32.988762999999985,38.926748999999994,398.748562,3691.819776000001,19.126788000000005,3.6072239999999978,6.508880000000002,2.435884,93.56513199999999,Whitebark pine / Subalpine fir forest,11.45,61
3,3,47.631,-120.273,WF,46.0,201407010000Z,10.0,WA,USA,53007,2810001000,0.0,0.0,0.0,0.0,0.0,0.0,1.57,0.36,0.0,1.0,0.36,7.0,8.0,9.0,12.0,80.0,40.0,3.02423218702,0.185990756267,0.0,0.0,6.0,6.0,6.0,6.0,40.0,80.0,13.0,30.0,4,14,6,18,5,8,295345286.944839,1.1550500000000001,1.362959,11.786094,241.41535299999993,0.6158480000000001,0.34442000000000006,0.19700699999999996,0.14471,2.831971999999999,Sagebrush shrubland,0.0,56
30,30,48.38,-120.587,WF,46.0,201407010000Z,10.0,WA,USA,53047,2810001000,0.0,0.0,0.0,0.0,0.0,0.0,2.19,0.06,0.0,1.0,0.0,7.0,8.0,9.0,12.0,80.0,40.0,3.70260924404,0.200189264133,0.0,0.0,6.0,6.0,6.0,6.0,40.0,80.0,13.0,30.0,4,14,6,18,5,8,360965579.574667,1.3930869999999997,1.6438359999999996,14.163847,293.80419,0.7414880000000001,0.4205340000000001,0.236875,0.17594500000000005,3.4051490000000006,Vaccinium - Heather shrubland,0.0,237
31,31,48.372,-120.645,WF,46.0,201407010000Z,10.0,WA,USA,53007,2810001000,0.0,0.0,0.0,0.0,0.0,0.0,2.19,0.06,0.0,1.0,0.0,7.0,8.0,9.0,12.0,80.0,40.0,3.70260924404,0.200189264133,0.0,0.0,6.0,6.0,6.0,6.0,40.0,80.0,13.0,30.0,4,14,6,18,5,8,360965579.574667,1.3930869999999997,1.6438359999999996,14.163847,293.80419,0.7414880000000001,0.4205340000000001,0.236875,0.17594500000000005,3.4051490000000006,Vaccinium - Heather shrubland,0.0,237
32,32,47.673,-120.706,WF,46.0,201407010000Z,10.0,WA,USA,53007,2810001000,0.5,1.6,3.3,4.3,8.9,3.4,0.78,0.05,3.0,2.0,0.01,7.0,8.0,9.0,12.0,80.0,40.0,22.1465470229,19.8898156124,17.7151399416,12.7588589765,6.0,6.0,6.0,6.0,40.0,80.0,13.0,30.0,4,14,6,18,5,8,2667301490.6098204,36.14508300000001,42.65120600000001,436.08837899999986,4086.902045,20.936707,4.033754,7.120113999999999,2.691141999999999,102.35158299999999,Grand fir - Douglas-fir forest,11.21,208
33,33,48.203,-119.851,WF,46.0,201407010000Z,10.0,WA,USA,53047,2810001000,0.4,0.9,0.4,0.4,1.1,0.6,0.22,0.15,2.8,1.1,0.06,7.0,8.0,9.0,12.0,80.0,40.0,12.5342169728,4.11581184289,3.07629591419,2.67918384103,6.0,6.0,6.0,6.0,40.0,80.0,13.0,30.0,4,14,6,18,5,8,1307653300.510638,9.692664000000004,11.437339000000009,110.82152200000002,1411.4454940000012,5.462898000000003,1.6953160000000007,1.8224270000000002,0.8888299999999996,26.19736699999999,Douglas-fir - ponderosa pine forest,13.52,52
34,34,48.135,-119.907,WF,46.0,201407010000Z,10.0,WA,USA,53047,2810001000,0.0,0.0,0.0,0.0,0.0,0.0,0.34,0.11,0.0,1.0,0.09,7.0,8.0,9.0,12.0,80.0,40.0,0.620784150908,0.0455434978896,0.0,0.0,6.0,6.0,6.0,6.0,40.0,80.0,13.0,30.0,4,14,6,18,5,8,60795313.8827,0.242728,0.286429,2.4905169999999996,50.027302,0.129754,0.071007,0.04159099999999999,0.030043999999999994,0.5979260000000001,Sagebrush Shrubland - Sparse,0.0,60
35,35,48.406,-120.001,WF,46.0,201407010000Z,10.0,WA,USA,53047,2810001000,0.0,0.0,0.0,0.0,0.0,0.0,0.34,0.11,0.0,1.0,0.09,7.0,8.0,9.0,12.0,80.0,40.0,0.620784150908,0.0455434978896,0.0,0.0,6.0,6.0,6.0,6.0,40.0,80.0,13.0,30.0,4,14,6,18,5,8,60795313.8827,0.242728,0.286429,2.4905169999999996,50.027302,0.129754,0.071007,0.04159099999999999,0.030043999999999994,0.5979260000000001,Sagebrush Shrubland - Sparse,0.0,60
36,36,48.18,-119.951,WF,46.0,201407010000Z,10.0,WA,USA,53047,2810001000,0.4,0.9,0.4,0.4,1.1,0.6,0.22,0.15,2.8,1.1,0.06,7.0,8.0,9.0,12.0,80.0,40.0,12.5342169728,4.11581184289,3.07629591419,2.67918384103,6.0,6.0,6.0,6.0,40.0,80.0,13.0,30.0,4,14,6,18,5,8,1307653300.510638,9.692664000000004,11.437339000000009,110.82152200000002,1411.4454940000012,5.462898000000003,1.6953160000000007,1.8224270000000002,0.8888299999999996,26.19736699999999,Douglas-fir - ponderosa pine forest,13.52,52
37,37,48.19,-119.953,WF,46.0,201407010000Z,10.0,WA,USA,53047,2810001000,0.4,0.9,0.4,0.4,1.1,0.6,0.22,0.15,2.8,1.1,0.06,7.0,8.0,9.0,12.0,80.0,40.0,12.5342169728,4.11581184289,3.07629591419,2.67918384103,6.0,6.0,6.0,6.0,40.0,80.0,13.0,30.0,4,14,6,18,5,8,1307653300.510638,9.692664000000004,11.437339000000009,110.82152200000002,1411.4454940000012,5.462898000000003,1.6953160000000007,1.8224270000000002,0.8888299999999996,26.19736699999999,Douglas-fir - ponderosa pine forest,13.52,52
38,38,48.119,-119.948,WF,46.0,201407010000Z,10.0,WA,USA,53047,2810001000,0.0,0.0,0.0,0.0,0.0,0.0,0.34,0.11,0.0,1.0,0.09,7.0,8.0,9.0,12.0,80.0,40.0,0.620784150908,0.0455434978896,0.0,0.0,6.0,6.0,6.0,6.0,40.0,80.0,13.0,30.0,4,14,6,18,5,8,60795313.8827,0.242728,0.286429,2.4905169999999996,50.027302,0.129754,0.071007,0.04159099999999999,0.030043999999999994,0.5979260000000001,Sagebrush Shrubland - Sparse,0.0,60
39,39,48.401,-120.045,WF,46.0,201407010000Z,10.0,WA,USA,53047,2810001000,0.0,0.0,0.0,0.0,0.0,0.0,0.34,0.11,0.0,1.0,0.09,7.0,8.0,9.0,12.0,80.0,40.0,0.620784150908,0.0455434978896,0.0,0.0,6.0,6.0,6.0,6.0,40.0,80.0,13.0,30.0,4,14,6,18,5,8,60795313.8827,0.242728,0.286429,2.4905169999999996,50.027302,0.129754,0.071007,0.04159099999999999,0.030043999999999994,0.5979260000000001,Sagebrush Shrubland - Sparse,0.0,60
4,4,47.64,-120.276,WF,46.0,201407010000Z,10.0,WA,USA,53007,2810001000,0.4,0.9,0.4,0.4,1.1,0.6,0.22,0.15,2.8,1.1,0.06,7.0,8.0,9.0,12.0,80.0,40.0,12.5342169728,4.11581184289,3.07629591419,2.67918384103,6.0,6.0,6.0,6.0,40.0,80.0,13.0,30.0,4,14,6,18,5,8,1307653300.510638,9.692664000000004,11.437339000000009,110.82152200000002,1411.4454940000012,5.462898000000003,1.6953160000000007,1.8224270000000002,0.8888299999999996,26.19736699999999,Douglas-fir - ponderosa pine forest,13.52,52
40,40,48.408,-120.063,WF,46.0,201407010000Z,10.0,WA,USA,53047,2810001000,0.0,0.0,0.0,0.0,0.0,0.0,0.34,0.11,0.0,1.0,0.09,7.0,8.0,9.0,12.0,80.0,40.0,0.620784150908,0.0455434978896,0.0,0.0,6.0,6.0,6.0,6.0,40.0,80.0,13.0,30.0,4,14,6,18,5,8,60795313.8827,0.242728,0.286429,2.4905169999999996,50.027302,0.129754,0.071007,0.04159099999999999,0.030043999999999994,0.5979260000000001,Sagebrush Shrubland - Sparse,0.0,60
41,41,48.162,-120.006,WF,46.0,201407010000Z,10.0,WA,USA,53047,2810001000,0.0,0.0,0.0,0.0,0.0,0.0,0.34,0.11,0.0,1.0,0.09,7.0,8.0,9.0,12.0,80.0,40.0,0.620784150908,0.0455434978896,0.0,0.0,6.0,6.0,6.0,6.0,40.0,80.0,13.0,30.0,4,14,6,18,5,8,60795313.8827,0.242728,0.286429,2.4905169999999996,50.027302,0.129754,0.071007,0.04159099999999999,0.030043999999999994,0.5979260000000001,Sagebrush Shrubland - Sparse,0.0,60
42,42,48.26,-120.035,WF,46.0,201407010000Z,10.0,WA,USA,53047,2810001000,0.0,0.0,0.0,0.0,0.0,0.0,0.34,0.11,0.0,1.0,0.09,7.0,8.0,9.0,12.0,80.0,40.0,0.620784150908,0.0455434978896,0.0,0.0,6.0,6.0,6.0,6.0,40.0,80.0,13.0,30.0,4,14,6,18,5,8,60795313.8827,0.242728,0.286429,2.4905169999999996,50.027302,0.129754,0.071007,0.04159099999999999,0.030043999999999994,0.5979260000000001,Sagebrush Shrubland - Sparse,0.0,60
43,43,48.426,-120.083,WF,46.0,201407010000Z,10.0,WA,USA,53047,2810001000,0.0,0.0,0.0,0.0,0.0,0.0,0.34,0.11,0.0,1.0,0.09,7.0,8.0,9.0,12.0,80.0,40.0,0.620784150908,0.0455434978896,0.0,0.0,6.0,6.0,6.0,6.0,40.0,80.0,13.0,30.0,4,14,6,18,5,8,60795313.8827,0.242728,0.286429,2.4905169999999996,50.027302,0.129754,0.071007,0.04159099999999999,0.030043999999999994,0.5979260000000001,Sagebrush Shrubland - Sparse,0.0,60
44,44,48.141,-120.015,WF,46.0,201407010000Z,10.0,WA,USA,53047,2810001000,0.0,0.0,0.0,0.0,0.0,0.0,0.34,0.11,0.0,1.0,0.09,7.0,8.0,9.0,12.0,80.0,40.0,0.620784150908,0.0455434978896,0.0,0.0,6.0,6.0,6.0,6.0,40.0,80.0,13.0,30.0,4,14,6,18,5,8,60795313.8827,0.242728,0.286429,2.4905169999999996,50.027302,0.129754,0.071007,0.04159099999999999,0.030043999999999994,0.5979260000000001,Sagebrush Shrubland - Sparse,0.0,60
45,45,48.161,-120.021,WF,46.0,201407010000Z,10.0,WA,USA,53047,2810001000,0.0,0.0,0.0,0.0,0.0,0.0,0.34,0.11,0.0,1.0,0.09,7.0,8.0,9.0,12.0,80.0,40.0,0.620784150908,0.0455434978896,0.0,0.0,6.0,6.0,6.0,6.0,40.0,80.0,13.0,30.0,4,14,6,18,5,8,60795313.8827,0.242728,0.286429,2.4905169999999996,50.027302,0.129754,0.071007,0.04159099999999999,0.030043999999999994,0.5979260000000001,Sagebrush Shrubland - Sparse,0.0,60
46,46,48.159,-120.035,WF,46.0,201407010000Z,10.0,WA,USA,53047,2810001000,0.0,0.0,0.0,0.0,0.0,0.0,0.34,0.11,0.0,1.0,0.09,7.0,8.0,9.0,12.0,80.0,40.0,0.620784150908,0.0455434978896,0.0,0.0,6.0,6.0,6.0,6.0,40.0,80.0,13.0,30.0,4,14,6,18,5,8,60795313.8827,0.242728,0.286429,2.4905169999999996,50.027302,0.129754,0.071007,0.04159099999999999,0.030043999999999994,0.5979260000000001,Sagebrush Shrubland - Sparse,0.0,60
47,47,48.178,-120.041,WF,46.0,201407010000Z,10.0,WA,USA,53047,2810001000,0.0,0.0,0.0,0.0,0.0,0.0,0.34,0.11,0.0,1.0,0.09,7.0,8.0,9.0,12.0,80.0,40.0,0.620784150908,0.0455434978896,0.0,0.0,6.0,6.0,6.0,6.0,40.0,80.0,13.0,30.0,4,14,6,18,5,8,60795313.8827,0.242728,0.286429,2.4905169999999996,50.027302,0.129754,0.071007,0.04159099999999999,0.030043999999999994,0.5979260000000001,Sagebrush Shrubland - Sparse,0.0,60
48,48,48.207,-120.05,WF,46.0,201407010000Z,10.0,WA,USA,53047,2810001000,0.0,0.0,0.0,0.0,0.0,0.0,0.34,0.11,0.0,1.0,0.09,7.0,8.0,9.0,12.0,80.0,40.0,0.620784150908,0.0455434978896,0.0,0.0,6.0,6.0,6.0,6.0,40.0,80.0,13.0,30.0,4,14,6,18,5,8,60795313.8827,0.242728,0.286429,2.4905169999999996,50.027302,0.129754,0.071007,0.04159099999999999,0.030043999999999994,0.5979260000000001,Sagebrush Shrubland - Sparse,0.0,60
49,49,48.196,-120.061,WF,46.0,201407010000Z,10.0,WA,USA,53047,2810001000,0.4,0.9,0.4,0.4,1.1,0.6,0.22,0.15,2.8,1.1,0.06,7.0,8.0,9.0,12.0,80.0,40.0,12.5342169728,4.11581184289,3.07629591419,2.67918384103,6.0,6.0,6.0,6.0,40.0,80.0,13.0,30.0,4,14,6,18,5,8,1307653300.510638,9.692664000000004,11.437339000000009,110.82152200000002,1411.4454940000012,5.462898000000003,1.6953160000000007,1.8224270000000002,0.8888299999999996,26.19736699999999,Douglas-fir - ponderosa pine forest,13.52,52
5,5,47.629,-120.287,WF,46.0,201407010000Z,10.0,WA,USA,53007,2810001000,0.0,0.0,0.0,0.0,0.0,0.0,1.57,0.36,0.0,1.0,0.36,7.0,8.0,9.0,12.0,80.0,40.0,3.02423218702,0.185990756267,0.0,0.0,6.0,6.0,6.0,6.0,40.0,80.0,13.0,30.0,4,14,6,18,5,8,295345286.944839,1.1550500000000001,1.362959,11.786094,241.41535299999993,0.6158480000000001,0.34442000000000006,0.19700699999999996,0.14471,2.831971999999999,Sagebrush shrubland,0.0,56
50,50,48.206,-120.064,WF,46.0,201407010000Z,10.0,WA,USA,53047,2810001000,0.0,0.0,0.0,0.0,0.0,0.0,0.34,0.11,0.0,1.0,0.09,7.0,8.0,9.0,12.0,80.0,40.0,0.620784150908,0.0455434978896,0.0,0.0,6.0,6.0,6.0,6.0,40.0,80.0,13.0,30.0,4,14,6,18,5,8,60795313.8827,0.242728,0.286429,2.4905169999999996,50.027302,0.129754,0.071007,0.04159099999999999,0.030043999999999994,0.5979260000000001,Sagebrush Shrubland - Sparse,0.0,60
51,51,48.229,-120.116,WF,46.0,201407010000Z,10.0,WA,USA,53047,2810001000,0.0,0.0,0.0,0.0,0.0,0.0,0.0,1.81,0.0,1.0,0.21,7.0,8.0,9.0,12.0,80.0,40.0,0.60810453365,0.032005501771,0.0,0.0,6.0,6.0,6.0,6.0,40.0,80.0,13.0,30.0,4,14,6,18,5,8,59265700.03153999,0.22812799999999997,0.2691939999999999,2.3177969999999997,48.19767999999999,0.12137899999999999,0.06903200000000001,0.038761000000000004,0.028850999999999995,0.5572870000000001,Idaho fescue - Bluebunch wheatgrass grassland,0.0,41
52,52,48.225,-120.146,WF,46.0,201407010000Z,10.0,WA,USA,53047,2810001000,0.4,0.9,0.4,0.4,1.1,0.6,0.22,0.15,2.8,1.1,0.06,7.0,8.0,9.0,12.0,80.0,40.0,12.5342169728,4.11581184289,3.07629591419,2.67918384103,6.0,6.0,6.0,6.0,40.0,80.0,13.0,30.0,4,14,6,18,5,8,1307653300.510638,9.692664000000004,11.437339000000009,110.82152200000002,1411.4454940000012,5.462898000000003,1.6953160000000007,1.8224270000000002,0.8888299999999996,26.19736699999999,Douglas-fir - ponderosa pine forest,13.52,52
53,53,48.141,-119.697,WF,46.0,201407010000Z,10.0,WA,USA,53047,2810001000,0.5,0.25,0.25,0.0,0.0,0.0,2.2,0.0,1.0,1.0,1.0,7.0,8.0,9.0,12.0,80.0,40.0,5.01999087839,2.26019249428,0.956265305831,2.4718033562,6.0,6.0,6.0,6.0,40.0,80.0,13.0,30.0,4,14,6,18,5,8,540051923.209028,4.139658000000002,4.88479,47.64019399999999,586.8738460000006,2.340807,0.6930489999999995,0.782732,0.3711630000000001,11.251794000000006,Urban,0.0,0
54,54,48.171,-119.706,WF,46.0,201407010000Z,10.0,WA,USA,53047,2810001000,0.5,0.25,0.25,0.0,0.0,0.0,2.2,0.0,1.0,1.0,1.0,7.0,8.0,9.0,12.0,80.0,40.0,5.01999087839,2.26019249428,0.956265305831,2.4718033562,6.0,6.0,6.0,6.0,40.0,80.0,13.0,30.0,4,14,6,18,5,8,540051923.209028,4.139658000000002,4.88479,47.64019399999999,586.8738460000006,2.340807,0.6930489999999995,0.782732,0.3711630000000001,11.251794000000006,Urban,0.0,0
55,55,48.2,-119.714,WF,46.0,201407010000Z,10.0,WA,USA,53047,2810001000,0.0,0.0,0.0,0.0,0.0,0.0,0.34,0.11,0.0,1.0,0.09,7.0,8.0,9.0,12.0,80.0,40.0,0.620784150908,0.0455434978896,0.0,0.0,6.0,6.0,6.0,6.0,40.0,80.0,13.0,30.0,4,14,6,18,5,8,60795313.8827,0.242728,0.286429,2.4905169999999996,50.027302,0.129754,0.071007,0.04159099999999999,0.030043999999999994,0.5979260000000001,Sagebrush Shrubland - Sparse,0.0,60
56,56,48.239,-119.725,WF,46.0,201407010000Z,10.0,WA,USA,53047,2810001000,0.5,0.25,0.25,0.0,0.0,0.0,2.2,0.0,1.0,1.0,1.0,7.0,8.0,9.0,12.0,80.0,40.0,5.01999087839,2.26019249428,0.956265305831,2.4718033562,6.0,6.0,6.0,6.0,40.0,80.0,13.0,30.0,4,14,6,18,5,8,540051923.209028,4.139658000000002,4.88479,47.64019399999999,586.8738460000006,2.340807,0.6930489999999995,0.782732,0.3711630000000001,11.251794000000006,Urban,0.0,0
57,57,48.155,-119.747,WF,46.0,201407010000Z,10.0,WA,USA,53047,2810001000,0.5,0.25,0.25,0.0,0.0,0.0,2.2,0.0,1.0,1.0,1.0,7.0,8.0,9.0,12.0,80.0,40.0,5.01999087839,2.26019249428,0.956265305831,2.4718033562,6.0,6.0,6.0,6.0,40.0,80.0,13.0,30.0,4,14,6,18,5,8,540051923.209028,4.139658000000002,4.88479,47.64019399999999,586.8738460000006,2.340807,0.6930489999999995,0.782732,0.3711630000000001,11.251794000000006,Urban,0.0,0
58,58,48.124,-119.753,WF,46.0,201407010000Z,10.0,WA,USA,53047,2810001000,0.5,0.25,0.25,0.0,0.0,0.0,2.2,0.0,1.0,1.0,1.0,7.0,8.0,9.0,12.0,80.0,40.0,5.01999087839,2.26019249428,0.956265305831,2.4718033562,6.0,6.0,6.0,6.0,40.0,80.0,13.0,30.0,4,14,6,18,5,8,540051923.209028,4.139658000000002,4.88479,47.64019399999999,586.8738460000006,2.340807,0.6930489999999995,0.782732,0.3711630000000001,11.251794000000006,Urban,0.0,0
59,59,48.336,-120.072,WF,46.0,201407010000Z,10.0,WA,USA,53047,2810001000,0.5,0.25,0.25,0.0,0.0,0.0,2.2,0.0,1.0,1.0,1.0,7.0,8.0,9.0,12.0,80.0,40.0,5.01999087839,2.26019249428,0.956265305831,2.4718033562,6.0,6.0,6.0,6.0,40.0,80.0,13.0,30.0,4,14,6,18,5,8,540051923.209028,4.139658000000002,4.88479,47.64019399999999,586.8738460000006,2.340807,0.6930489999999995,0.782732,0.3711630000000001,11.251794000000006,Urban,0.0,0
6,6,47.656,-120.31,WF,46.0,201407010000Z,10.0,WA,USA,53007,2810001000,0.0,0.0,0.0,0.0,0.0,0.0,0.34,0.11,0.0,1.0,0.09,7.0,8.0,9.0,12.0,80.0,40.0,0.620784150908,0.0455434978896,0.0,0.0,6.0,6.0,6.0,6.0,40.0,80.0,13.0,30.0,4,14,6,18,5,8,60795313.8827,0.242728,0.286429,2.4905169999999996,50.027302,0.129754,0.071007,0.04159099999999999,0.030043999999999994,0.5979260000000001,Sagebrush Shrubland - Sparse,0.0,60
60,60,48.28,-119.722,WF,46.0,201407010000Z,10.0,WA,USA,53047,2810001000,0.5,0.25,0.25,0.0,0.0,0.0,2.2,0.0,1.0,1.0,1.0,7.0,8.0,9.0,12.0,80.0,40.0,5.01999087839,2.26019249428,0.956265305831,2.4718033562,6.0,6.0,6.0,6.0,40.0,80.0,13.0,30.0,4,14,6,18,5,8,540051923.209028,4.139658000000002,4.88479,47.64019399999999,586.8738460000006,2.340807,0.6930489999999995,0.782732,0.3711630000000001,11.251794000000006,Urban,0.0,0
61,61,48.292,-119.71,WF,46.0,201407010000Z,10.0,WA,USA,53047,2810001000,0.5,0.25,0.25,0.0,0.0,0.0,2.2,0.0,1.0,1.0,1.0,7.0,8.0,9.0,12.0,80.0,40.0,5.01999087839,2.26019249428,0.956265305831,2.4718033562,6.0,6.0,6.0,6.0,40.0,80.0,13.0,30.0,4,14,6,18,5,8,540051923.209028,4.139658000000002,4.88479,47.64019399999999,586.8738460000006,2.340807,0.6930489999999995,0.782732,0.3711630000000001,11.251794000000006,Urban,0.0,0
62,62,47.945,-119.883,WF,46.0,201407010000Z,10.0,WA,USA,53007,2810001000,0.5,0.25,0.25,0.0,0.0,0.0,2.2,0.0,1.0,1.0,1.0,7.0,8.0,9.0,12.0,80.0,40.0,5.01999087839,2.26019249428,0.956265305831,2.4718033562,6.0,6.0,6.0,6.0,40.0,80.0,13.0,30.0,4,14,6,18,5,8,540051923.209028,4.139658000000002,4.88479,47.64019399999999,586.8738460000006,2.340807,0.6930489999999995,0.782732,0.3711630000000001,11.251794000000006,Urban,0.0,0
63,63,47.638,-120.741,WF,46.0,201407010000Z,10.0,WA,USA,53007,2810001000,0.5,1.6,3.3,4.3,8.9,3.4,0.78,0.05,3.0,2.0,0.01,7.0,8.0,9.0,12.0,80.0,40.0,22.1465470229,19.8898156124,17.7151399416,12.7588589765,6.0,6.0,6.0,6.0,40.0,80.0,13.0,30.0,4,14,6,18,5,8,2667301490.6098204,36.14508300000001,42.65120600000001,436.08837899999986,4086.902045,20.936707,4.033754,7.120113999999999,2.691141999999999,102.35158299999999,Grand fir - Douglas-fir forest,11.21,208
64,64,47.64,-120.726,WF,46.0,201407010000Z,10.0,WA,USA,53007,2810001000,0.4,0.9,0.4,0.4,1.1,0.6,0.22,0.15,2.8,1.1,0.06,7.0,8.0,9.0,12.0,80.0,40.0,12.5342169728,4.11581184289,3.07629591419,2.67918384103,6.0,6.0,6.0,6.0,40.0,80.0,13.0,30.0,4,14,6,18,5,8,1307653300.510638,9.692664000000004,11.437339000000009,110.82152200000002,1411.4454940000012,5.462898000000003,1.6953160000000007,1.8224270000000002,0.8888299999999996,26.19736699999999,Douglas-fir - ponderosa pine forest,13.52,52
65,65,48.177,-119.738,WF,46.0,201407010000Z,10.0,WA,USA,53047,2810001000,0.0,0.0,0.0,0.0,0.0,0.0,0.34,0.11,0.0,1.0,0.09,7.0,8.0,9.0,12.0,80.0,40.0,0.620784150908,0.0455434978896,0.0,0.0,6.0,6.0,6.0,6.0,40.0,80.0,13.0,30.0,4,14,6,18,5,8,60795313.8827,0.242728,0.286429,2.4905169999999996,50.027302,0.129754,0.071007,0.04159099999999999,0.030043999999999994,0.5979260000000001,Sagebrush Shrubland - Sparse,0.0,60
66,66,48.29,-119.801,WF,46.0,201407010000Z,10.0,WA,USA,53047,2810001000,0.0,0.0,0.0,0.0,0.0,0.0,0.34,0.11,0.0,1.0,0.09,7.0,8.0,9.0,12.0,80.0,40.0,0.620784150908,0.0455434978896,0.0,0.0,6.0,6.0,6.0,6.0,40.0,80.0,13.0,30.0,4,14,6,18,5,8,60795313.8827,0.242728,0.286429,2.4905169999999996,50.027302,0.129754,0.071007,0.04159099999999999,0.030043999999999994,0.5979260000000001,Sagebrush Shrubland - Sparse,0.0,60
67,67,48.161,-119.779,WF,46.0,201407010000Z,10.0,WA,USA,53047,2810001000,0.0,0.0,0.0,0.0,0.0,0.0,0.34,0.11,0.0,1.0,0.09,7.0,8.0,9.0,12.0,80.0,40.0,0.620784150908,0.0455434978896,0.0,0.0,6.0,6.0,6.0,6.0,40.0,80.0,13.0,30.0,4,14,6,18,5,8,60795313.8827,0.242728,0.286429,2.4905169999999996,50.027302,0.129754,0.071007,0.04159099999999999,0.030043999999999994,0.5979260000000001,Sagebrush Shrubland - Sparse,0.0,60
68,68,48.181,-119.784,WF,46.0,201407010000Z,10.0,WA,USA,53047,2810001000,0.0,0.0,0.0,0.0,0.0,0.0,0.34,0.11,0.0,1.0,0.09,7.0,8.0,9.0,12.0,80.0,40.0,0.620784150908,0.0455434978896,0.0,0.0,6.0,6.0,6.0,6.0,40.0,80.0,13.0,30.0,4,14,6,18,5,8,60795313.8827,0.242728,0.286429,2.4905169999999996,50.027302,0.129754,0.071007,0.04159099999999999,0.030043999999999994,0.5979260000000001,Sagebrush Shrubland - Sparse,0.0,60
69,69,48.23,-119.798,WF,46.0,201407010000Z,10.0,WA,USA,53047,2810001000,0.0,0.0,0.0,0.0,0.0,0.0,0.34,0.11,0.0,1.0,0.09,7.0,8.0,9.0,12.0,80.0,40.0,0.620784150908,0.0455434978896,0.0,0.0,6.0,6.0,6.0,6.0,40.0,80.0,13.0,30.0,4,14,6,18,5,8,60795313.8827,0.242728,0.286429,2.4905169999999996,50.027302,0.129754,0.071007,0.04159099999999999,0.030043999999999994,0.5979260000000001,Sagebrush Shrubland - Sparse,0.0,60
7,7,47.656,-120.235,WF,46.0,201407010000Z,10.0,WA,USA,53007,2810001000,0.0,0.0,0.0,0.0,0.0,0.0,0.34,0.11,0.0,1.0,0.09,7.0,8.0,9.0,12.0,80.0,40.0,0.620784150908,0.0455434978896,0.0,0.0,6.0,6.0,6.0,6.0,40.0,80.0,13.0,30.0,4,14,6,18,5,8,60795313.8827,0.242728,0.286429,2.4905169999999996,50.027302,0.129754,0.071007,0.04159099999999999,0.030043999999999994,0.5979260000000001,Sagebrush Shrubland - Sparse,0.0,60
70,70,48.169,-119.796,WF,46.0,201407010000Z,10.0,WA,USA,53047,2810001000,0.0,0.0,0.0,0.0,0.0,0.0,0.34,0.11,0.0,1.0,0.09,7.0,8.0,9.0,12.0,80.0,40.0,0.620784150908,0.0455434978896,0.0,0.0,6.0,6.0,6.0,6.0,40.0,80.0,13.0,30.0,4,14,6,18,5,8,60795313.8827,0.242728,0.286429,2.4905169999999996,50.027302,0.129754,0.071007,0.04159099999999999,0.030043999999999994,0.5979260000000001,Sagebrush Shrubland - Sparse,0.0,60
71,71,48.167,-119.811,WF,46.0,201407010000Z,10.0,WA,USA,53047,2810001000,0.0,0.0,0.0,0.0,0.0,0.0,0.34,0.11,0.0,1.0,0.09,7.0,8.0,9.0,12.0,80.0,40.0,0.620784150908,0.0455434978896,0.0,0.0,6.0,6.0,6.0,6.0,40.0,80.0,13.0,30.0,4,14,6,18,5,8,60795313.8827,0.242728,0.286429,2.4905169999999996,50.027302,0.129754,0.071007,0.04159099999999999,0.030043999999999994,0.5979260000000001,Sagebrush Shrubland - Sparse,0.0,60
72,72,48.117,-119.811,WF,46.0,201407010000Z,10.0,WA,USA,53047,2810001000,0.0,0.0,0.0,0.0,0.0,0.0,0.34,0.11,0.0,1.0,0.09,7.0,8.0,9.0,12.0,80.0,40.0,0.620784150908,0.0455434978896,0.0,0.0,6.0,6.0,6.0,6.0,40.0,80.0,13.0,30.0,4,14,6,18,5,8,60795313.8827,0.242728,0.286429,2.4905169999999996,50.027302,0.129754,0.071007,0.04159099999999999,0.030043999999999994,0.5979260000000001,Sagebrush Shrubland - Sparse,0.0,60
73,73,48.185,-119.831,WF,46.0,201407010000Z,10.0,WA,USA,53047,2810001000,0.4,0.9,0.4,0.4,1.1,0.6,0.22,0.15,2.8,1.1,0.06,7.0,8.0,9.0,12.0,80.0,40.0,12.5342169728,4.11581184289,3.07629591419,2.67918384103,6.0,6.0,6.0,6.0,40.0,80.0,13.0,30.0,4,14,6,18,5,8,1307653300.510638,9.692664000000004,11.437339000000009,110.82152200000002,1411.4454940000012,5.462898000000003,1.6953160000000007,1.8224270000000002,0.8888299999999996,26.19736699999999,Douglas-fir - ponderosa pine forest,13.52,52
74,74,48.205,-119.837,WF,46.0,201407010000Z,10.0,WA,USA,53047,2810001000,0.0,0.0,0.0,0.0,0.0,0.0,1.57,0.36,0.0,1.0,0.36,7.0,8.0,9.0,12.0,80.0,40.0,3.02423218702,0.185990756267,0.0,0.0,6.0,6.0,6.0,6.0,40.0,80.0,13.0,30.0,4,14,6,18,5,8,295345286.944839,1.1550500000000001,1.362959,11.786094,241.41535299999993,0.6158480000000001,0.34442000000000006,0.19700699999999996,0.14471,2.831971999999999,Sagebrush shrubland,0.0,56
75,75,48.203,-119.851,WF,46.0,201407010000Z,10.0,WA,USA,53047,2810001000,0.4,0.9,0.4,0.4,1.1,0.6,0.22,0.15,2.8,1.1,0.06,7.0,8.0,9.0,12.0,80.0,40.0,12.5342169728,4.11581184289,3.07629591419,2.67918384103,6.0,6.0,6.0,6.0,40.0,80.0,13.0,30.0,4,14,6,18,5,8,1307653300.510638,9.692664000000004,11.437339000000009,110.82152200000002,1411.4454940000012,5.462898000000003,1.6953160000000007,1.8224270000000002,0.8888299999999996,26.19736699999999,Douglas-fir - ponderosa pine forest,13.52,52
76,76,48.213,-119.854,WF,46.0,201407010000Z,10.0,WA,USA,53047,2810001000,0.0,0.0,0.0,0.0,0.0,0.0,0.34,0.11,0.0,1.0,0.09,7.0,8.0,9.0,12.0,80.0,40.0,0.620784150908,0.0455434978896,0.0,0.0,6.0,6.0,6.0,6.0,40.0,80.0,13.0,30.0,4,14,6,18,5,8,60795313.8827,0.242728,0.286429,2.4905169999999996,50.027302,0.129754,0.071007,0.04159099999999999,0.030043999999999994,0.5979260000000001,Sagebrush Shrubland - Sparse,0.0,60
77,77,48.146,-119.895,WF,46.0,201407010000Z,10.0,WA,USA,53047,2810001000,0.0,0.0,0.0,0.0,0.0,0.0,0.34,0.11,0.0,1.0,0.09,7.0,8.0,9.0,12.0,80.0,40.0,0.620784150908,0.0455434978896,0.0,0.0,6.0,6.0,6.0,6.0,40.0,80.0,13.0,30.0,4,14,6,18,5,8,60795313.8827,0.242728,0.286429,2.4905169999999996,50.027302,0.129754,0.071007,0.04159099999999999,0.030043999999999994,0.5979260000000001,Sagebrush Shrubland - Sparse,0.0,60
78,78,48.156,-119.898,WF,46.0,201407010000Z,10.0,WA,USA,53047,2810001000,0.5,0.25,0.25,0.0,0.0,0.0,2.2,0.0,1.0,1.0,1.0,7.0,8.0,9.0,12.0,80.0,40.0,5.01999087839,2.26019249428,0.956265305831,2.4718033562,6.0,6.0,6.0,6.0,40.0,80.0,13.0,30.0,4,14,6,18,5,8,540051923.209028,4.139658000000002,4.88479,47.64019399999999,586.8738460000006,2.340807,0.6930489999999995,0.782732,0.3711630000000001,11.251794000000006,Urban,0.0,0
79,79,48.19,-119.953,WF,46.0,201407010000Z,10.0,WA,USA,53047,2810001000,0.4,0.9,0.4,0.4,1.1,0.6,0.22,0.15,2.8,1.1,0.06,7.0,8.0,9.0,12.0,80.0,40.0,12.5342169728,4.11581184289,3.07629591419,2.67918384103,6.0,6.0,6.0,6.0,40.0,80.0,13.0,30.0,4,14,6,18,5,8,1307653300.510638,9.692664000000004,11.437339000000009,110.82152200000002,1411.4454940000012,5.462898000000003,1.6953160000000007,1.8224270000000002,0.8888299999999996,26.19736699999999,Douglas-fir - ponderosa pine forest,13.52,52
8,8,47.634,-120.244,WF,46.0,201407010000Z,10.0,WA,USA,53007,2810001000,0.0,0.0,0.0,0.0,0.0,0.0,0.34,0.11,0.0,1.0,0.09,7.0,8.0,9.0,12.0,80.0,40.0,0.620784150908,0.0455434978896,0.0,0.0,6.0,6.0,6.0,6.0,40.0,80.0,13.0,30.0,4,14,6,18,5,8,60795313.8827,0.242728,0.286429,2.4905169999999996,50.027302,0.129754,0.071007,0.04159099999999999,0.030043999999999994,0.5979260000000001,Sagebrush Shrubland - Sparse,0.0,60
80,80,47.973,-119.906,WF,46.0,201407010000Z,10.0,WA,USA,53007,2810001000,0.0,0.0,0.0,0.0,0.0,0.0,0.34,0.11,0.0,1.0,0.09,7.0,8.0,9.0,12.0,80.0,40.0,0.620784150908,0.0455434978896,0.0,0.0,6.0,6.0,6.0,6.0,40.0,80.0,13.0,30.0,4,14,6,18,5,8,60795313.8827,0.242728,0.286429,2.4905169999999996,50.027302,0.129754,0.071007,0.04159099999999999,0.030043999999999994,0.5979260000000001,Sagebrush Shrubland - Sparse,0.0,60
81,81,48.315,-120.005,WF,46.0,201407010000Z,10.0,WA,USA,53047,2810001000,0.0,0.0,0.0,0.0,0.0,0.0,0.34,0.11,0.0,1.0,0.09,7.0,8.0,9.0,12.0,80.0,40.0,0.620784150908,0.0455434978896,0.0,0.0,6.0,6.0,6.0,6.0,40.0,80.0,13.0,30.0,4,14,6,18,5,8,60795313.8827,0.242728,0.286429,2.4905169999999996,50.027302,0.129754,0.071007,0.04159099999999999,0.030043999999999994,0.5979260000000001,Sagebrush Shrubland - Sparse,0.0,60
82,82,48.088,-119.954,WF,46.0,201407010000Z,10.0,WA,USA,53047,2810001000,0.0,0.0,0.0,0.0,0.0,0.0,0.34,0.11,0.0,1.0,0.09,7.0,8.0,9.0,12.0,80.0,40.0,0.620784150908,0.0455434978896,0.0,0.0,6.0,6.0,6.0,6.0,40.0,80.0,13.0,30.0,4,14,6,18,5,8,60795313.8827,0.242728,0.286429,2.4905169999999996,50.027302,0.129754,0.071007,0.04159099999999999,0.030043999999999994,0.5979260000000001,Sagebrush Shrubland - Sparse,0.0,60
83,83,48.338,-120.057,WF,46.0,201407010000Z,10.0,WA,USA,53047,2810001000,0.0,0.0,0.0,0.0,0.0,0.0,0.34,0.11,0.0,1.0,0.09,7.0,8.0,9.0,12.0,80.0,40.0,0.620784150908,0.0455434978896,0.0,0.0,6.0,6.0,6.0,6.0,40.0,80.0,13.0,30.0,4,14,6,18,5,8,60795313.8827,0.242728,0.286429,2.4905169999999996,50.027302,0.129754,0.071007,0.04159099999999999,0.030043999999999994,0.5979260000000001,Sagebrush Shrubland - Sparse,0.0,60
84,84,48.112,-120.007,WF,46.0,201407010000Z,10.0,WA,USA,53047,2810001000,0.5,0.25,0.25,0.0,0.0,0.0,2.2,0.0,1.0,1.0,1.0,7.0,8.0,9.0,12.0,80.0,40.0,5.01999087839,2.26019249428,0.956265305831,2.4718033562,6.0,6.0,6.0,6.0,40.0,80.0,13.0,30.0,4,14,6,18,5,8,540051923.209028,4.139658000000002,4.88479,47.64019399999999,586.8738460000006,2.340807,0.6930489999999995,0.782732,0.3711630000000001,11.251794000000006,Urban,0.0,0
85,85,48.151,-120.018,WF,46.0,201407010000Z,10.0,WA,USA,53047,2810001000,0.0,0.0,0.0,0.0,0.0,0.0,0.34,0.11,0.0,1.0,0.09,7.0,8.0,9.0,12.0,80.0,40.0,0.620784150908,0.0455434978896,0.0,0.0,6.0,6.0,6.0,6.0,40.0,80.0,13.0,30.0,4,14,6,18,5,8,60795313.8827,0.242728,0.286429,2.4905169999999996,50.027302,0.129754,0.071007,0.04159099999999999,0.030043999999999994,0.5979260000000001,Sagebrush Shrubland - Sparse,0.0,60
86,86,48.229,-120.041,WF,46.0,201407010000Z,10.0,WA,USA,53047,2810001000,0.0,0.0,0.0,0.0,0.0,0.0,0.34,0.11,0.0,1.0,0.09,7.0,8.0,9.0,12.0,80.0,40.0,0.620784150908,0.0455434978896,0.0,0.0,6.0,6.0,6.0,6.0,40.0,80.0,13.0,30.0,4,14,6,18,5,8,60795313.8827,0.242728,0.286429,2.4905169999999996,50.027302,0.129754,0.071007,0.04159099999999999,0.030043999999999994,0.5979260000000001,Sagebrush Shrubland - Sparse,0.0,60
87,87,48.207,-120.05,WF,46.0,201407010000Z,10.0,WA,USA,53047,2810001000,0.0,0.0,0.0,0.0,0.0,0.0,0.34,0.11,0.0,1.0,0.09,7.0,8.0,9.0,12.0,80.0,40.0,0.620784150908,0.0455434978896,0.0,0.0,6.0,6.0,6.0,6.0,40.0,80.0,13.0,30.0,4,14,6,18,5,8,60795313.8827,0.242728,0.286429,2.4905169999999996,50.027302,0.129754,0.071007,0.04159099999999999,0.030043999999999994,0.5979260000000001,Sagebrush Shrubland - Sparse,0.0,60
88,88,48.334,-120.087,WF,46.0,201407010000Z,10.0,WA,USA,53047,2810001000,0.0,0.0,0.0,0.0,0.0,0.0,0.34,0.11,0.0,1.0,0.09,7.0,8.0,9.0,12.0,80.0,40.0,0.620784150908,0.0455434978896,0.0,0.0,6.0,6.0,6.0,6.0,40.0,80.0,13.0,30.0,4,14,6,18,5,8,60795313.8827,0.242728,0.286429,2.4905169999999996,50.027302,0.129754,0.071007,0.04159099999999999,0.030043999999999994,0.5979260000000001,Sagebrush Shrubland - Sparse,0.0,60
89,89,48.196,-120.061,WF,46.0,201407010000Z,10.0,WA,USA,53047,2810001000,0.4,0.9,0.4,0.4,1.1,0.6,0.22,0.15,2.8,1.1,0.06,7.0,8.0,9.0,12.0,80.0,40.0,12.5342169728,4.11581184289,3.07629591419,2.67918384103,6.0,6.0,6.0,6.0,40.0,80.0,13.0,30.0,4,14,6,18,5,8,1307653300.510638,9.692664000000004,11.437339000000009,110.82152200000002,1411.4454940000012,5.462898000000003,1.6953160000000007,1.8224270000000002,0.8888299999999996,26.19736699999999,Douglas-fir - ponderosa pine forest,13.52,52
9,9,47.664,-120.253,WF,46.0,201407010000Z,10.0,WA,USA,53007,2810001000,0.5,0.25,0.25,0.0,0.0,0.0,2.2,0.0,1.0,1.0,1.0,7.0,8.0,9.0,12.0,80.0,40.0,5.01999087839,2.26019249428,0.956265305831,2.4718033562,6.0,6.0,6.0,6.0,40.0,80.0,13.0,30.0,4,14,6,18,5,8,540051923.209028,4.139658000000002,4.88479,47.64019399999999,586.8738460000006,2.340807,0.6930489999999995,0.782732,0.3711630000000001,11.251794000000006,Urban,0.0,0
90,90,48.206,-120.064,WF,46.0,201407010000Z,10.0,WA,USA,53047,2810001000,0.0,0.0,0.0,0.0,0.0,0.0,0.34,0.11,0.0,1.0,0.09,7.0,8.0,9.0,12.0,80.0,40.0,0.620784150908,0.0455434978896,0.0,0.0,6.0,6.0,6.0,6.0,40.0,80.0,13.0,30.0,4,14,6,18,5,8,60795313.8827,0.242728,0.286429,2.4905169999999996,50.027302,0.129754,0.071007,0.04159099999999999,0.030043999999999994,0.5979260000000001,Sagebrush Shrubland - Sparse,0.0,60
91,91,48.411,-120.124,WF,46.0,201407010000Z,10.0,WA,USA,53047,2810001000,0.0,0.0,0.0,0.0,0.0,0.0,0.0,1.81,0.0,1.0,0.21,7.0,8.0,9.0,12.0,80.0,40.0,0.60810453365,0.032005501771,0.0,0.0,6.0,6.0,6.0,6.0,40.0,80.0,13.0,30.0,4,14,6,18,5,8,59265700.03153999,0.22812799999999997,0.2691939999999999,2.3177969999999997,48.19767999999999,0.12137899999999999,0.06903200000000001,0.038761000000000004,0.028850999999999995,0.5572870000000001,Idaho fescue - Bluebunch wheatgrass grassland,0.0,41
92,92,48.213,-120.082,WF,46.0,201407010000Z,10.0,WA,USA,53047,2810001000,0.0,0.0,0.0,0.0,0.0,0.0,0.0,1.81,0.0,1.0,0.21,7.0,8.0,9.0,12.0,80.0,40.0,0.60810453365,0.032005501771,0.0,0.0,6.0,6.0,6.0,6.0,40.0,80.0,13.0,30.0,4,14,6,18,5,8,59265700.03153999,0.22812799999999997,0.2691939999999999,2.3177969999999997,48.19767999999999,0.12137899999999999,0.06903200000000001,0.038761000000000004,0.028850999999999995,0.5572870000000001,Idaho fescue - Bluebunch wheatgrass grassland,0.0,41
93,93,48.225,-120.146,WF,46.0,201407010000Z,10.0,WA,USA,53047,2810001000,0.4,0.9,0.4,0.4,1.1,0.6,0.22,0.15,2.8,1.1,0.06,7.0,8.0,9.0,12.0,80.0,40.0,12.5342169728,4.11581184289,3.07629591419,2.67918384103,6.0,6.0,6.0,6.0,40.0,80.0,13.0,30.0,4,14,6,18,5,8,1307653300.510638,9.692664000000004,11.437339000000009,110.82152200000002,1411.4454940000012,5.462898000000003,1.6953160000000007,1.8224270000000002,0.8888299999999996,26.19736699999999,Douglas-fir - ponderosa pine forest,13.52,52
94,94,48.106,-120.126,WF,46.0,201407010000Z,10.0,WA,USA,53047,2810001000,0.4,0.9,0.4,0.4,1.1,0.6,0.22,0.15,2.8,1.1,0.06,7.0,8.0,9.0,12.0,80.0,40.0,12.5342169728,4.11581184289,3.07629591419,2.67918384103,6.0,6.0,6.0,6.0,40.0,80.0,13.0,30.0,4,14,6,18,5,8,1307653300.510638,9.692664000000004,11.437339000000009,110.82152200000002,1411.4454940000012,5.462898000000003,1.6953160000000007,1.8224270000000002,0.8888299999999996,26.19736699999999,Douglas-fir - ponderosa pine forest,13.52,52
95,95,48.19,-120.181,WF,46.0,201407010000Z,10.0,WA,USA,53047,2810001000,0.4,0.9,0.4,0.4,1.1,0.6,0.22,0.15,2.8,1.1,0.06,7.0,8.0,9.0,12.0,80.0,40.0,12.5342169728,4.11581184289,3.07629591419,2.67918384103,6.0,6.0,6.0,6.0,40.0,80.0,13.0,30.0,4,14,6,18,5,8,1307653300.510638,9.692664000000004,11.437339000000009,110.82152200000002,1411.4454940000012,5.462898000000003,1.6953160000000007,1.8224270000000002,0.8888299999999996,26.19736699999999,Douglas-fir - ponderosa pine forest,13.52,52
96,96,48.292,-119.71,WF,46.0,201407010000Z,10.0,WA,USA,53047,2810001000,0.5,0.25,0.25,0.0,0.0,0.0,2.2,0.0,1.0,1.0,1.0,7.0,8.0,9.0,12.0,80.0,40.0,5.01999087839,2.26019249428,0.956265305831,2.4718033562,6.0,6.0,6.0,6.0,40.0,80.0,13.0,30.0,4,14,6,18,5,8,540051923.209028,4.139658000000002,4.88479,47.64019399999999,586.8738460000006,2.340807,0.6930489999999995,0.782732,0.3711630000000001,11.251794000000006,Urban,0.0,0
97,97,48.338,-120.057,WF,46.0,201407010000Z,10.0,WA,USA,53047,2810001000,0.0,0.0,0.0,0.0,0.0,0.0,0.34,0.11,0.0,1.0,0.09,7.0,8.0,9.0,12.0,80.0,40.0,0.620784150908,0.0455434978896,0.0,0.0,6.0,6.0,6.0,6.0,40.0,80.0,13.0,30.0,4,14,6,18,5,8,60795313.8827,0.242728,0.286429,2.4905169999999996,50.027302,0.129754,0.071007,0.04159099999999999,0.030043999999999994,0.5979260000000001,Sagebrush Shrubland - Sparse,0.0,60
98,98,48.424,-120.098,WF,46.0,201407010000Z,10.0,WA,USA,53047,2810001000,0.0,0.0,0.0,0.0,0.0,0.0,0.0,1.81,0.0,1.0,0.21,7.0,8.0,9.0,12.0,80.0,40.0,0.60810453365,0.032005501771,0.0,0.0,6.0,6.0,6.0,6.0,40.0,80.0,13.0,30.0,4,14,6,18,5,8,59265700.03153999,0.22812799999999997,0.2691939999999999,2.3177969999999997,48.19767999999999,0.12137899999999999,0.06903200000000001,0.038761000000000004,0.028850999999999995,0.5572870000000001,Idaho fescue - Bluebunch wheatgrass grassland,0.0,41
99,99,48.311,-120.11,WF,46.0,201407010000Z,10.0,WA,USA,53047,2810001000,0.0,0.0,0.0,0.0,0.0,0.0,0.34,0.11,0.0,1.0,0.09,7.0,8.0,9.0,12.0,80.0,40.0,0.620784150908,0.0455434978896,0.0,0.0,6.0,6.0,6.0,6.0,40.0,80.0,13.0,30.0,4,14,6,18,5,8,60795313.8827,0.242728,0.286429,2.4905169999999996,50.027302,0.129754,0.071007,0.04159099999999999,0.030043999999999994,0.5979260000000001,Sagebrush Shrubland - Sparse,0.0,60
