id,event_id,latitude,longitude,type,area,date_time,slope,state,country,fips,scc,moisture_1hr,moisture_10hr,moisture_100hr,moisture_1khr,moisture_live,moisture_duff,consumption_flaming,consumption_smoldering,consumption_residual,consumption_duff,min_wind,max_wind,min_wind_aloft,max_wind_aloft,min_humid,max_humid,min_temp,max_temp,min_temp_hour,max_temp_hour,sunrise_hour,sunset_hour,snow_month,rain_days,heat,pm25,pm10,co,co2,ch4,nox,nh3,so2,voc,dum1,event_name,event_url,provincename,server,stream_name,timezone
SF11C281851419916989810,SF11E2027901,49.879,-115.34,WF,673.905795063,201709030000-07:00,10.0,BC,Canada,CA02,2810001000,7.0,8.0,9.0,12.0,80.0,40.0,16.0974088701,1.60733267402,0.0,17.9578797232,6.0,6.0,6.0,6.0,40.0,80.0,13.0,30.0,4,14,6,19,5,8,70211118626.33492,96.99006899999999,114.448285,1006.496362,19405.143706,52.128809000000004,27.236025,16.781478999999997,11.69271,241.23379200000005,61c65974-5588-4b38-8e82-aca9d824bf7d,Unknown Fire,http://tomcat-sf/smartfire/events/61c65974-5588-4b38-8e82-aca9d824bf7d,BRITISH COLUMBIA,tomcat-sf,CWFIS-Hotspots,-7.0
SF11C281851519916989810,SF11E2076251,55.519,-103.453,WF,914.808831,201709030000-06:00,10.0,SK,Canada,CA11,2810001000,7.0,8.0,9.0,12.0,80.0,40.0,9.97432632097,1.73571846515,0.0,12.8166730861,6.0,6.0,6.0,6.0,40.0,80.0,13.0,30.0,4,14,6,20,5,8,68008838009.3335,92.836218,109.54675099999999,988.785462,17264.857399999997,50.52488500000001,23.523308,16.423373,10.498205,236.086046,a4e67e23-c0f4-4b0e-a62d-4677449fe522,Unknown Fire,http://tomcat-sf/smartfire/events/a4e67e23-c0f4-4b0e-a62d-4677449fe522,SASKATCHEWAN,tomcat-sf,CWFIS-Hotspots,-6.0
SF11C281851619916989810,SF11E1999987,55.297,-102.854,WF,15678.7128718,201709030000-06:00,10.0,SK,Canada,CA11,2810001000,7.0,8.0,9.0,12.0,80.0,40.0,9.08397589772,2.66244517951,0.0,15.5112473248,6.0,6.0,6.0,6.0,40.0,80.0,13.0,30.0,4,14,6,20,5,8,1326813456841.8186,1731.1357709999995,2042.7402170000003,18997.307185000005,293110.935845,955.9906370000002,382.571915,314.191016,180.48538,4516.495796000001,478f1f41-6a42-49d4-81ce-f2a850184a0d,Unknown Fire,http://tomcat-sf/smartfire/events/478f1f41-6a42-49d4-81ce-f2a850184a0d,SASKATCHEWAN,tomcat-sf,CWFIS-Hotspots,-6.0
SF11C281851719916989810,SF11E2075147,56.5,-101.92,WF,105.785813606,201709030000-06:00,10.0,MB,Canada,CA03,2810001000,7.0,8.0,9.0,12.0,80.0,40.0,8.72605155455,2.56920427023,0.0,14.3933925683,6.0,6.0,6.0,6.0,40.0,80.0,13.0,30.0,4,14,6,20,5,8,2378889195.257207,11.240451999999998,13.263721999999998,123.38558100000002,1901.4444390000003,6.208181,2.480667999999999,2.040568,1.170975,29.333032999999993,59e4d414-fb8c-4673-9d16-9e3de36ebd6a,Unknown Fire,http://tomcat-sf/smartfire/events/59e4d414-fb8c-4673-9d16-9e3de36ebd6a,MANITOBA,tomcat-sf,CWFIS-Hotspots,-6.0
SF11C281851819916989810,SF11E2000002,54.83,-102.673,WF,8730.25782127,201709030000-06:00,10.0,SK,Canada,CA11,2810001000,7.0,8.0,9.0,12.0,80.0,40.0,12.665301716,2.4192568608,0.0,16.6199340733,6.0,6.0,6.0,6.0,40.0,80.0,13.0,30.0,4,14,6,20,5,8,976057645159.2255,1156.2395540000002,1364.362663,12376.912383,211832.435922,630.8020079999998,286.76029099999994,205.42682399999995,129.05825,2953.010551,c033dc9e-2f73-4a0c-b114-b6b5d4f7cd85,Unknown Fire,http://tomcat-sf/smartfire/events/c033dc9e-2f73-4a0c-b114-b6b5d4f7cd85,SASKATCHEWAN,tomcat-sf,CWFIS-Hotspots,-6.0
SF11C281851919916989810,SF11E1999987,55.241,-103.154,WF,7001.73097064,201709030000-06:00,10.0,SK,Canada,CA11,2810001000,7.0,8.0,9.0,12.0,80.0,40.0,12.3057224449,2.54017552143,0.0,17.1853539573,6.0,6.0,6.0,6.0,40.0,80.0,13.0,30.0,4,14,6,20,5,8,758089743753.8573,923.0652459999999,1089.2169900000001,9923.501630999997,166917.19108699998,504.6449590000001,224.659831,164.60401299999998,101.86804799999999,2366.1826859999996,478f1f41-6a42-49d4-81ce-f2a850184a0d,Unknown Fire,http://tomcat-sf/smartfire/events/478f1f41-6a42-49d4-81ce-f2a850184a0d,SASKATCHEWAN,tomcat-sf,CWFIS-Hotspots,-6.0
SF11C281852019916989810,SF11E1999987,55.251,-102.817,WF,1882.79473999,201709030000-06:00,10.0,SK,Canada,CA11,2810001000,7.0,8.0,9.0,12.0,80.0,40.0,10.5933371576,2.91086009393,0.0,17.6177057496,6.0,6.0,6.0,6.0,40.0,80.0,13.0,30.0,4,14,6,20,5,8,169616724829.87848,236.35271199999997,278.8961999999999,2583.6302460000006,40538.244366,130.27228499999998,53.243428,42.75349600000001,24.917110999999995,614.5814819999999,478f1f41-6a42-49d4-81ce-f2a850184a0d,Unknown Fire,http://tomcat-sf/smartfire/events/478f1f41-6a42-49d4-81ce-f2a850184a0d,SASKATCHEWAN,tomcat-sf,CWFIS-Hotspots,-6.0
SF11C281852119916989810,SF11E1999987,55.24,-102.82,WF,104.599707777,201709030000-06:00,10.0,SK,Canada,CA11,2810001000,7.0,8.0,9.0,12.0,80.0,40.0,3.65637658447,4.03197733053,0.0,17.6908867453,6.0,6.0,6.0,6.0,40.0,80.0,13.0,30.0,4,14,6,20,5,8,1193865378.735305,9.798713,11.562491999999999,116.07711500000002,1218.4602019999998,5.6227550000000015,1.3084940000000003,1.8997809999999995,0.7881110000000001,27.309294,478f1f41-6a42-49d4-81ce-f2a850184a0d,Unknown Fire,http://tomcat-sf/smartfire/events/478f1f41-6a42-49d4-81ce-f2a850184a0d,SASKATCHEWAN,tomcat-sf,CWFIS-Hotspots,-6.0
SF11C281852219916989810,SF11E2000002,54.905,-102.771,WF,2196.59386332,201709030000-06:00,10.0,SK,Canada,CA11,2810001000,7.0,8.0,9.0,12.0,80.0,40.0,15.728834102,1.74281873277,0.0,17.3042035517,6.0,6.0,6.0,6.0,40.0,80.0,13.0,30.0,4,14,6,20,5,8,286242279889.125,315.19469599999996,371.92974100000004,3285.0751160000004,62329.98457300001,169.75779900000006,87.08673400000002,54.73747499999999,37.61057200000002,786.8512789999999,c033dc9e-2f73-4a0c-b114-b6b5d4f7cd85,Unknown Fire,http://tomcat-sf/smartfire/events/c033dc9e-2f73-4a0c-b114-b6b5d4f7cd85,SASKATCHEWAN,tomcat-sf,CWFIS-Hotspots,-6.0
SF11C281852319916989810,SF11E2000002,54.83,-102.655,WF,209.199415555,201709030000-06:00,10.0,SK,Canada,CA11,2810001000,7.0,8.0,9.0,12.0,80.0,40.0,17.5378008434,1.28615343563,0.0,16.8013618178,6.0,6.0,6.0,6.0,40.0,80.0,13.0,30.0,4,14,6,20,5,8,10168099687.566023,31.184632,36.79785699999999,319.96225899999996,6427.406086,16.670302,9.123048,5.343813999999999,3.859194999999999,76.81728700000002,c033dc9e-2f73-4a0c-b114-b6b5d4f7cd85,Unknown Fire,http://tomcat-sf/smartfire/events/c033dc9e-2f73-4a0c-b114-b6b5d4f7cd85,SASKATCHEWAN,tomcat-sf,CWFIS-Hotspots,-6.0
SF11C281852419916989810,SF11E1999987,55.365,-103.108,WF,830.842422536,201709030000-06:00,10.0,SK,Canada,CA11,2810001000,7.0,8.0,9.0,12.0,80.0,40.0,14.1992766274,2.31027569157,0.0,17.209684339,6.0,6.0,6.0,6.0,40.0,80.0,13.0,30.0,4,14,6,20,5,8,85600371156.76645,117.809506,139.01522099999997,1250.3707200000001,22136.090256,64.00731,30.292496,20.778820999999997,13.442496000000002,298.69558,478f1f41-6a42-49d4-81ce-f2a850184a0d,Unknown Fire,http://tomcat-sf/smartfire/events/478f1f41-6a42-49d4-81ce-f2a850184a0d,SASKATCHEWAN,tomcat-sf,CWFIS-Hotspots,-6.0
SF11C281852519916989810,SF11E1999987,55.282,-103.199,WF,2091.99415555,201709030000-06:00,10.0,SK,Canada,CA11,2810001000,7.0,8.0,9.0,12.0,80.0,40.0,15.8897372087,1.94792639112,0.0,17.4102116423,6.0,6.0,6.0,6.0,40.0,80.0,13.0,30.0,4,14,6,20,5,8,274987464267.13513,309.7724229999999,365.53146999999996,3242.9702850000003,60514.93895899999,167.19412400000004,84.14394699999997,54.000436,36.569962000000004,776.2561800000002,478f1f41-6a42-49d4-81ce-f2a850184a0d,Unknown Fire,http://tomcat-sf/smartfire/events/478f1f41-6a42-49d4-81ce-f2a850184a0d,SASKATCHEWAN,tomcat-sf,CWFIS-Hotspots,-6.0
SF11C281852619916989810,SF11E2065464,55.029,-102.937,WF,1243.28601396,201709030000-06:00,10.0,SK,Canada,CA11,2810001000,7.0,8.0,9.0,12.0,80.0,40.0,16.0249456504,2.12549886298,0.0,17.9647783127,6.0,6.0,6.0,6.0,40.0,80.0,13.0,30.0,4,14,6,20,5,8,156145815077.16882,188.995514,223.01471500000002,1985.7776390000001,36549.306098999994,102.18532099999999,50.614574,33.04857700000001,22.114874000000007,475.0732980000001,7ce075bb-9f56-4f26-8e67-84c037718b3d,Unknown Fire,http://tomcat-sf/smartfire/events/7ce075bb-9f56-4f26-8e67-84c037718b3d,SASKATCHEWAN,tomcat-sf,CWFIS-Hotspots,-6.0
SF11C281852719916989810,SF11E2000002,54.98,-102.625,WF,418.398831109,201709030000-06:00,10.0,SK,Canada,CA11,2810001000,7.0,8.0,9.0,12.0,80.0,40.0,17.4610860369,1.4215178697,0.0,17.0221315511,6.0,6.0,6.0,6.0,40.0,80.0,13.0,30.0,4,14,6,20,5,8,32221814890.65613,63.077554,74.43151900000001,649.5203919999999,12880.760261000001,33.77687200000001,18.219833000000005,10.842055000000004,7.742453000000001,155.854671,c033dc9e-2f73-4a0c-b114-b6b5d4f7cd85,Unknown Fire,http://tomcat-sf/smartfire/events/c033dc9e-2f73-4a0c-b114-b6b5d4f7cd85,SASKATCHEWAN,tomcat-sf,CWFIS-Hotspots,-6.0
SF11C281852819916989810,SF11E1999987,55.292,-103.166,WF,394.034240543,201709030000-06:00,10.0,SK,Canada,CA11,2810001000,7.0,8.0,9.0,12.0,80.0,40.0,10.0665545604,2.80848290376,0.0,17.3815905348,6.0,6.0,6.0,6.0,40.0,80.0,13.0,30.0,4,14,6,20,5,8,17478357359.767628,47.28222400000001,55.79301899999999,517.326404,8085.282079000001,26.072595999999997,10.603930999999996,8.559522999999997,4.971743000000001,123.04315499999998,478f1f41-6a42-49d4-81ce-f2a850184a0d,Unknown Fire,http://tomcat-sf/smartfire/events/478f1f41-6a42-49d4-81ce-f2a850184a0d,SASKATCHEWAN,tomcat-sf,CWFIS-Hotspots,-6.0
SF11C281852919916989810,SF11E2076251,55.476,-103.393,WF,412.443591427,201709030000-06:00,10.0,SK,Canada,CA11,2810001000,7.0,8.0,9.0,12.0,80.0,40.0,14.0495166878,2.2581354871,0.0,16.4476127807,6.0,6.0,6.0,6.0,40.0,80.0,13.0,30.0,4,14,6,20,5,8,25737482404.389423,57.67520600000001,68.05674199999999,611.750631,10856.856141,31.326084999999996,14.868674000000002,10.167090999999997,6.591476999999999,146.151798,a4e67e23-c0f4-4b0e-a62d-4677449fe522,Unknown Fire,http://tomcat-sf/smartfire/events/a4e67e23-c0f4-4b0e-a62d-4677449fe522,SASKATCHEWAN,tomcat-sf,CWFIS-Hotspots,-6.0
SF11C281853019916989810,SF11E2000002,54.822,-102.553,WF,941.397369996,201709030000-06:00,10.0,SK,Canada,CA11,2810001000,7.0,8.0,9.0,12.0,80.0,40.0,16.8699426615,1.32191755203,0.0,16.233541826,6.0,6.0,6.0,6.0,40.0,80.0,13.0,30.0,4,14,6,20,5,8,116584538092.89384,136.31370399999994,160.85017299999998,1401.762632,27933.032140999992,72.94687199999998,39.56275699999999,23.403496000000004,16.783244999999997,336.42525900000004,c033dc9e-2f73-4a0c-b114-b6b5d4f7cd85,Unknown Fire,http://tomcat-sf/smartfire/events/c033dc9e-2f73-4a0c-b114-b6b5d4f7cd85,SASKATCHEWAN,tomcat-sf,CWFIS-Hotspots,-6.0
SF11C281853119916989810,SF11E2076251,55.55,-103.29,WF,209.199415555,201709030000-06:00,10.0,SK,Canada,CA11,2810001000,7.0,8.0,9.0,12.0,80.0,40.0,16.0752562494,1.76435676196,0.0,16.3891081323,6.0,6.0,6.0,6.0,40.0,80.0,13.0,30.0,4,14,6,20,5,8,9398625133.610777,30.62107,36.132866,319.01447099999996,6062.021731,16.488712000000007,8.473438000000003,5.315883000000001,3.6573919999999998,76.415917,a4e67e23-c0f4-4b0e-a62d-4677449fe522,Unknown Fire,http://tomcat-sf/smartfire/events/a4e67e23-c0f4-4b0e-a62d-4677449fe522,SASKATCHEWAN,tomcat-sf,CWFIS-Hotspots,-6.0
SF11C281853219916989810,SF11E2000002,55.0,-102.25,WF,209.199415555,201709030000-06:00,10.0,SK,Canada,CA11,2810001000,7.0,8.0,9.0,12.0,80.0,40.0,8.02927063351,3.10842635154,0.0,15.4495096495,6.0,6.0,6.0,6.0,40.0,80.0,13.0,30.0,4,14,6,20,5,8,5016437377.895909,23.043826,27.191716000000003,257.240837,3676.9254229999997,12.833497999999999,4.655379000000001,4.2442470000000005,2.2833960000000006,61.01087500000001,c033dc9e-2f73-4a0c-b114-b6b5d4f7cd85,Unknown Fire,http://tomcat-sf/smartfire/events/c033dc9e-2f73-4a0c-b114-b6b5d4f7cd85,SASKATCHEWAN,tomcat-sf,CWFIS-Hotspots,-6.0
SF11C281854619916989810,SF11E1978782,48.95,-120.526,WF,635.604461008,201709030000-08:00,10.0,BC,Canada,CA02,2810001000,7.0,8.0,9.0,12.0,80.0,40.0,22.9553802587,4.04363149348,0.0,26.9799885099,6.0,6.0,6.0,6.0,40.0,80.0,13.0,30.0,4,14,5,19,5,8,93551169549.90642,148.96587100000002,175.77974400000002,1587.6408,27650.441449999995,81.09810800000001,37.64280600000001,26.367686000000003,16.817483999999997,379.035392,f7c6429f-f39d-47ec-a57d-1ca64a49abe2,Unknown Fire,http://tomcat-sf/smartfire/events/f7c6429f-f39d-47ec-a57d-1ca64a49abe2,BRITISH COLUMBIA,tomcat-sf,CWFIS-Hotspots,-8.0
SF11C281854719916989810,SF11E1978782,48.963,-120.283,WF,9887.18050457,201709030000-08:00,10.0,BC,Canada,CA02,2810001000,7.0,8.0,9.0,12.0,80.0,40.0,22.5709388563,4.35847456606,0.0,27.4378497569,6.0,6.0,6.0,6.0,40.0,80.0,13.0,30.0,4,14,5,19,5,8,1980192964440.7473,2341.349526000001,2762.792438,25077.806926000005,428183.952305,1277.724464,579.1828009999998,416.19515000000007,260.930861,5982.8051700000005,f7c6429f-f39d-47ec-a57d-1ca64a49abe2,Unknown Fire,http://tomcat-sf/smartfire/events/f7c6429f-f39d-47ec-a57d-1ca64a49abe2,BRITISH COLUMBIA,tomcat-sf,CWFIS-Hotspots,-8.0
SF11C281854819916989810,SF11E1978782,49.004,-120.291,WF,1755.14010017,201709030000-08:00,10.0,BC,Canada,CA02,2810001000,7.0,8.0,9.0,12.0,80.0,40.0,20.4537039053,4.43050519992,0.0,26.6352758599,6.0,6.0,6.0,6.0,40.0,80.0,13.0,30.0,4,14,5,19,5,8,299488122779.2987,390.6786090000001,461.000755,4211.482639000001,70055.58058299997,213.86973599999993,93.936602,69.82975,42.801763999999984,1003.80257,f7c6429f-f39d-47ec-a57d-1ca64a49abe2,Unknown Fire,http://tomcat-sf/smartfire/events/f7c6429f-f39d-47ec-a57d-1ca64a49abe2,BRITISH COLUMBIA,tomcat-sf,CWFIS-Hotspots,-8.0
SF11C281856519916989810,SF11E2049393,48.979,-115.32,WF,20097.9702161,201709030000-07:00,10.0,BC,Canada,CA02,2810001000,7.0,8.0,9.0,12.0,80.0,40.0,23.5930964974,2.41519140026,0.0,24.3826557296,6.0,6.0,6.0,6.0,40.0,80.0,13.0,30.0,4,14,6,19,5,8,4254633279979.1934,4259.306465,5025.981626999998,44244.962427999984,849864.4718549999,2290.339187,1191.5742020000005,737.5927780000001,512.2595,10602.896356999998,5f7afa54-103a-416a-bb3a-44b80782c610,Unknown Fire,http://tomcat-sf/smartfire/events/5f7afa54-103a-416a-bb3a-44b80782c610,BRITISH COLUMBIA,tomcat-sf,CWFIS-Hotspots,-7.0
SF11C281857819916989810,SF11E2049393,48.98,-115.34,WF,1216.47508012,201709030000-07:00,10.0,BC,Canada,CA02,2810001000,7.0,8.0,9.0,12.0,80.0,40.0,24.5100615401,1.9810315726,0.0,23.7842520619,6.0,6.0,6.0,6.0,40.0,80.0,13.0,30.0,4,14,6,19,5,8,229922122197.71304,257.14066399999996,303.42597800000004,2647.1433160000006,52544.406779000004,137.67732000000004,74.3426,44.18889400000001,31.581250000000004,635.215504,5f7afa54-103a-416a-bb3a-44b80782c610,Unknown Fire,http://tomcat-sf/smartfire/events/5f7afa54-103a-416a-bb3a-44b80782c610,BRITISH COLUMBIA,tomcat-sf,CWFIS-Hotspots,-7.0
SF11C281859919916989810,SF11E2049393,48.969,-115.428,WF,494.359025229,201709030000-07:00,10.0,BC,Canada,CA02,2810001000,7.0,8.0,9.0,12.0,80.0,40.0,25.0080604932,1.08740247891,0.0,22.3212328608,6.0,6.0,6.0,6.0,40.0,80.0,13.0,30.0,4,14,6,19,5,8,62541232855.984276,98.94316699999999,116.75293400000001,1000.614112,21144.049213999995,52.531217999999996,30.406475,16.748079,12.642514000000004,240.753648,5f7afa54-103a-416a-bb3a-44b80782c610,Unknown Fire,http://tomcat-sf/smartfire/events/5f7afa54-103a-416a-bb3a-44b80782c610,BRITISH COLUMBIA,tomcat-sf,CWFIS-Hotspots,-7.0
SF11C281861719916989810,SF11E2049393,48.98,-115.3,WF,211.868153669,201709030000-07:00,10.0,BC,Canada,CA02,2810001000,7.0,8.0,9.0,12.0,80.0,40.0,23.9592969548,2.72930584133,0.0,24.9378052813,6.0,6.0,6.0,6.0,40.0,80.0,13.0,30.0,4,14,6,19,5,8,14265726018.817905,46.572325,54.95534200000001,485.9745520000001,9179.779698000002,25.097322,12.809484000000001,8.096102,5.541379999999999,116.38156600000002,5f7afa54-103a-416a-bb3a-44b80782c610,Unknown Fire,http://tomcat-sf/smartfire/events/5f7afa54-103a-416a-bb3a-44b80782c610,BRITISH COLUMBIA,tomcat-sf,CWFIS-Hotspots,-7.0
SF11C281862219916989810,SF11E2049393,48.98,-115.264,WF,211.868153669,201709030000-07:00,10.0,BC,Canada,CA02,2810001000,7.0,8.0,9.0,12.0,80.0,40.0,23.4128964613,3.40661875691,0.0,25.9795434084,6.0,6.0,6.0,6.0,40.0,80.0,13.0,30.0,4,14,6,19,5,8,14043584731.276987,48.11627199999999,56.77719600000001,507.81507100000005,9188.710668,26.071180999999996,12.659635999999999,8.445862999999997,5.5685590000000005,121.409363,5f7afa54-103a-416a-bb3a-44b80782c610,Unknown Fire,http://tomcat-sf/smartfire/events/5f7afa54-103a-416a-bb3a-44b80782c610,BRITISH COLUMBIA,tomcat-sf,CWFIS-Hotspots,-7.0
SF11C281862519916989810,SF11E1978782,48.884,-120.502,WF,1694.94522936,201709030000-08:00,10.0,BC,Canada,CA02,2810001000,7.0,8.0,9.0,12.0,80.0,40.0,23.4102613521,3.42427593273,0.0,25.9705937362,6.0,6.0,6.0,6.0,40.0,80.0,13.0,30.0,4,14,5,19,5,8,324659817938.76935,385.3953850000001,454.766566,4068.488242,73544.00907499998,208.84768299999996,101.293449,67.66363700000001,44.573418000000004,972.664731,f7c6429f-f39d-47ec-a57d-1ca64a49abe2,Unknown Fire,http://tomcat-sf/smartfire/events/f7c6429f-f39d-47ec-a57d-1ca64a49abe2,BRITISH COLUMBIA,tomcat-sf,CWFIS-Hotspots,-8.0
SF11C281862919916989810,SF11E1978782,48.96,-120.315,WF,211.868153669,201709030000-08:00,10.0,BC,Canada,CA02,2810001000,7.0,8.0,9.0,12.0,80.0,40.0,22.5125637615,4.44958116521,0.0,27.6126178829,6.0,6.0,6.0,6.0,40.0,80.0,13.0,30.0,4,14,5,19,5,8,13670983075.53501,50.402778999999995,59.475274999999996,540.549408,9181.857116999998,27.523035999999994,12.398652999999998,8.969381999999998,5.598173999999999,128.93483099999997,f7c6429f-f39d-47ec-a57d-1ca64a49abe2,Unknown Fire,http://tomcat-sf/smartfire/events/f7c6429f-f39d-47ec-a57d-1ca64a49abe2,BRITISH COLUMBIA,tomcat-sf,CWFIS-Hotspots,-8.0
SF11C281863319916989810,SF11E2073313,51.005,-115.74,WF,341.326662775,201709030000-07:00,10.0,BC,Canada,CA02,2810001000,7.0,8.0,9.0,12.0,80.0,40.0,17.8826804473,0.666267040303,0.0,18.6226637908,6.0,6.0,6.0,6.0,40.0,80.0,13.0,30.0,4,14,6,19,5,8,22690671484.74945,48.21828,56.897571000000006,486.03976599999993,10386.304255000003,25.560788,14.977773000000004,8.139279999999998,6.204622,117.002132,22ea68d7-730b-4ed1-adc2-99d52a6c159e,Unknown Fire,http://tomcat-sf/smartfire/events/22ea68d7-730b-4ed1-adc2-99d52a6c159e,BRITISH COLUMBIA,tomcat-sf,CWFIS-Hotspots,-7.0
SF11C281863419916989810,SF11E2075142,50.883,-117.601,WF,125.50482301,201709030000-08:00,10.0,BC,Canada,CA02,2810001000,7.0,8.0,9.0,12.0,80.0,40.0,14.2100071442,3.5823203716,0.0,22.4223358778,6.0,6.0,6.0,6.0,40.0,80.0,13.0,30.0,4,14,5,19,5,8,4594894032.857847,20.461050999999994,24.144039999999997,222.519494,3568.441850999999,11.249318,4.724127000000001,3.6849080000000005,2.188355,52.970518999999996,f3c7d8a1-3379-45f8-994a-6d8772d775a0,Unknown Fire,http://tomcat-sf/smartfire/events/f3c7d8a1-3379-45f8-994a-6d8772d775a0,BRITISH COLUMBIA,tomcat-sf,CWFIS-Hotspots,-8.0
SF11C281863519916989810,SF11E2048697,51.433,-120.948,WF,2246.97865051,201709030000-08:00,10.0,BC,Canada,CA02,2810001000,7.0,8.0,9.0,12.0,80.0,40.0,11.4909970561,4.21069804765,0.0,22.80541547,6.0,6.0,6.0,6.0,40.0,80.0,13.0,30.0,4,14,5,19,5,8,227855579530.71655,345.33094000000006,407.49050000000005,3841.896336999999,55775.710514,191.99707699999996,71.07535500000002,63.417770999999995,34.57575,911.6305149999998,1097f59e-7eb1-48ce-9875-01006f27b6b1,Unknown Fire,http://tomcat-sf/smartfire/events/1097f59e-7eb1-48ce-9875-01006f27b6b1,BRITISH COLUMBIA,tomcat-sf,CWFIS-Hotspots,-8.0
SF11C281863619916989810,SF11E2048697,51.371,-120.951,WF,245.622748714,201709030000-08:00,10.0,BC,Canada,CA02,2810001000,7.0,8.0,9.0,12.0,80.0,40.0,9.407276106,4.157108543,0.0,22.1258498732,6.0,6.0,6.0,6.0,40.0,80.0,13.0,30.0,4,14,5,19,5,8,7597984797.246048,33.80407700000001,39.888810000000014,380.4534700000001,5234.311311999999,18.902670000000004,6.518897,6.270012000000001,3.265087,90.131445,1097f59e-7eb1-48ce-9875-01006f27b6b1,Unknown Fire,http://tomcat-sf/smartfire/events/1097f59e-7eb1-48ce-9875-01006f27b6b1,BRITISH COLUMBIA,tomcat-sf,CWFIS-Hotspots,-8.0
SF11C281863719916989810,SF11E1978782,49.02,-120.444,WF,2723.52137777,201709030000-08:00,10.0,BC,Canada,CA02,2810001000,7.0,8.0,9.0,12.0,80.0,40.0,16.7494063705,4.40703446409,0.0,26.375750818,6.0,6.0,6.0,6.0,40.0,80.0,13.0,30.0,4,14,5,19,5,8,397248031251.69794,531.7225129999998,627.432574,5797.323919999999,91975.62103699999,292.7004989999999,121.29243100000001,95.968552,56.467623999999994,1379.54793,f7c6429f-f39d-47ec-a57d-1ca64a49abe2,Unknown Fire,http://tomcat-sf/smartfire/events/f7c6429f-f39d-47ec-a57d-1ca64a49abe2,BRITISH COLUMBIA,tomcat-sf,CWFIS-Hotspots,-8.0
SF11C281863819916989810,SF11E2068269,51.358,-117.326,WF,410.096090308,201709030000-07:00,10.0,BC,Canada,CA02,2810001000,7.0,8.0,9.0,12.0,80.0,40.0,6.25241470259,3.04855583295,0.0,16.89272654,6.0,6.0,6.0,6.0,40.0,80.0,13.0,30.0,4,14,6,20,5,8,12267042394.68427,39.459929,46.56270700000002,446.79394799999994,5971.610697999998,22.131818000000003,7.340288,7.357201999999998,3.738011,105.75981199999998,91fed973-9ea7-4cfc-9025-b64f400e9940,Unknown Fire,http://tomcat-sf/smartfire/events/91fed973-9ea7-4cfc-9025-b64f400e9940,BRITISH COLUMBIA,tomcat-sf,CWFIS-Hotspots,-7.0
SF11C281863919916989810,SF11E2060184,50.355,-115.285,WF,49.1245497428,201709030000-07:00,10.0,BC,Canada,CA02,2810001000,7.0,8.0,9.0,12.0,80.0,40.0,1.97488212573,4.00559552693,0.0,18.1232590709,6.0,6.0,6.0,6.0,40.0,80.0,13.0,30.0,4,14,6,19,5,8,325943906.54182506,3.9790089999999996,4.695215999999999,48.31165000000001,434.1666299999998,2.3123500000000003,0.41343800000000014,0.788141,0.287913,11.329595,6e8def6c-136d-4226-80e2-b6ee2c147456,Unknown Fire,http://tomcat-sf/smartfire/events/6e8def6c-136d-4226-80e2-b6ee2c147456,BRITISH COLUMBIA,tomcat-sf,CWFIS-Hotspots,-7.0
SF11C281864019916989810,SF11E2060184,50.255,-115.254,WF,6993.20583499,201709030000-07:00,10.0,BC,Canada,CA02,2810001000,7.0,8.0,9.0,12.0,80.0,40.0,18.4058819191,2.1070705102,0.0,20.7516774676,6.0,6.0,6.0,6.0,40.0,80.0,13.0,30.0,4,14,6,19,5,8,1108209953065.651,1182.128899,1394.9121,12337.973798000005,232870.27172000002,637.1023580000001,324.872551,205.53835200000003,140.58227600000004,2954.6137539999995,6e8def6c-136d-4226-80e2-b6ee2c147456,Unknown Fire,http://tomcat-sf/smartfire/events/6e8def6c-136d-4226-80e2-b6ee2c147456,BRITISH COLUMBIA,tomcat-sf,CWFIS-Hotspots,-7.0
SF11C281864119916989810,SF11E2027901,49.922,-115.25,WF,3527.62699808,201709030000-07:00,10.0,BC,Canada,CA02,2810001000,7.0,8.0,9.0,12.0,80.0,40.0,15.2780257136,2.10688818862,0.0,19.2044001969,6.0,6.0,6.0,6.0,40.0,80.0,13.0,30.0,4,14,6,19,5,8,458092508623.8865,515.9711470000001,608.84596,5431.351737,99264.68285400001,279.22166599999997,137.17487499999996,90.367501,60.10093599999998,1299.03278,61c65974-5588-4b38-8e82-aca9d824bf7d,Unknown Fire,http://tomcat-sf/smartfire/events/61c65974-5588-4b38-8e82-aca9d824bf7d,BRITISH COLUMBIA,tomcat-sf,CWFIS-Hotspots,-7.0
SF11C281864219916989810,SF11E2060184,50.197,-115.321,WF,1333.97368879,201709030000-07:00,10.0,BC,Canada,CA02,2810001000,7.0,8.0,9.0,12.0,80.0,40.0,18.5212642005,2.1955677573,0.0,20.6901444114,6.0,6.0,6.0,6.0,40.0,80.0,13.0,30.0,4,14,6,19,5,8,195726158314.3461,228.57837800000001,269.722483,2389.359648,44839.032471,123.28198100000002,62.45002199999999,39.795327,27.082993000000005,572.0578569999998,6e8def6c-136d-4226-80e2-b6ee2c147456,Unknown Fire,http://tomcat-sf/smartfire/events/6e8def6c-136d-4226-80e2-b6ee2c147456,BRITISH COLUMBIA,tomcat-sf,CWFIS-Hotspots,-7.0
SF11C281864319916989810,SF11E2048697,51.5,-120.97,WF,24.5622748714,201709030000-08:00,10.0,BC,Canada,CA02,2810001000,7.0,8.0,9.0,12.0,80.0,40.0,1.61009107016,4.71715431769,0.0,24.8644532847,6.0,6.0,6.0,6.0,40.0,80.0,13.0,30.0,4,14,5,19,5,8,100300849.847044,2.214955,2.6136380000000003,27.184865000000002,226.649382,1.294414,0.20092000000000002,0.4428650000000002,0.15230400000000002,6.366278999999999,1097f59e-7eb1-48ce-9875-01006f27b6b1,Unknown Fire,http://tomcat-sf/smartfire/events/1097f59e-7eb1-48ce-9875-01006f27b6b1,BRITISH COLUMBIA,tomcat-sf,CWFIS-Hotspots,-8.0
SF11C281864419916989810,SF11E2048697,51.06,-121.034,WF,661.081025789,201709030000-08:00,10.0,BC,Canada,CA02,2810001000,7.0,8.0,9.0,12.0,80.0,40.0,11.1441386106,4.7403139557,0.0,24.3227300909,6.0,6.0,6.0,6.0,40.0,80.0,13.0,30.0,4,14,5,19,5,8,51068822418.143135,105.75327500000002,124.78888600000003,1187.4231379999999,16519.173814,59.066288,20.674001999999998,19.575539999999997,10.290889999999997,281.39844600000004,1097f59e-7eb1-48ce-9875-01006f27b6b1,Unknown Fire,http://tomcat-sf/smartfire/events/1097f59e-7eb1-48ce-9875-01006f27b6b1,BRITISH COLUMBIA,tomcat-sf,CWFIS-Hotspots,-8.0
SF11C281864519916989810,SF11E2073172,49.271,-114.729,WF,1714.21944907,201709030000-07:00,10.0,BC,Canada,CA02,2810001000,7.0,8.0,9.0,12.0,80.0,40.0,13.277013992,1.21889571788,0.0,17.9586711545,6.0,6.0,6.0,6.0,40.0,80.0,13.0,30.0,4,14,6,19,5,8,184040762066.62952,200.442542,236.52221,2073.183911,40457.48115300001,107.56085899999997,56.975739,34.583529,24.352194,497.138289,503803fc-1bb7-4064-ae1a-49c0821e78f0,Unknown Fire,http://tomcat-sf/smartfire/events/503803fc-1bb7-4064-ae1a-49c0821e78f0,BRITISH COLUMBIA,tomcat-sf,CWFIS-Hotspots,-7.0
SF11C281864619916989810,SF11E2068277,49.32,-115.867,WF,1746.24430645,201709030000-07:00,10.0,BC,Canada,CA02,2810001000,7.0,8.0,9.0,12.0,80.0,40.0,17.7886035467,3.19421003127,0.0,24.4843001322,6.0,6.0,6.0,6.0,40.0,80.0,13.0,30.0,4,14,6,19,5,8,256768346967.695,318.91161199999993,376.3156949999999,3402.363500000001,59015.461548,173.704038,80.237761,56.49836699999999,35.908294999999995,812.164012,8322b101-3aa3-4cc1-b327-9843b6cef30f,Unknown Fire,http://tomcat-sf/smartfire/events/8322b101-3aa3-4cc1-b327-9843b6cef30f,BRITISH COLUMBIA,tomcat-sf,CWFIS-Hotspots,-7.0
SF11C281864719916989810,SF11E2048697,51.12,-121.085,WF,514.794640237,201709030000-08:00,10.0,BC,Canada,CA02,2810001000,7.0,8.0,9.0,12.0,80.0,40.0,17.1636318469,4.8553894849,0.0,25.9397869137,6.0,6.0,6.0,6.0,40.0,80.0,13.0,30.0,4,14,5,19,5,8,49047516933.68811,105.89637800000001,124.95773200000002,1159.6074150000002,18058.372577999995,58.417893000000014,23.65208000000001,19.184233999999996,11.108559000000001,275.77336800000006,1097f59e-7eb1-48ce-9875-01006f27b6b1,Unknown Fire,http://tomcat-sf/smartfire/events/1097f59e-7eb1-48ce-9875-01006f27b6b1,BRITISH COLUMBIA,tomcat-sf,CWFIS-Hotspots,-8.0
SF11C281864819916989810,SF11E2073313,50.918,-115.831,WF,259.089991978,201709030000-07:00,10.0,BC,Canada,CA02,2810001000,7.0,8.0,9.0,12.0,80.0,40.0,18.4209065664,0.362146254641,0.0,16.1397737963,6.0,6.0,6.0,6.0,40.0,80.0,13.0,30.0,4,14,6,19,5,8,14645550829.11119,36.305609,42.840614,362.39312300000006,8004.188545000002,19.157510999999996,11.635066999999998,6.077754999999999,4.769166,87.367804,22ea68d7-730b-4ed1-adc2-99d52a6c159e,Unknown Fire,http://tomcat-sf/smartfire/events/22ea68d7-730b-4ed1-adc2-99d52a6c159e,BRITISH COLUMBIA,tomcat-sf,CWFIS-Hotspots,-7.0
SF11C281864919916989810,SF11E2060184,50.34,-115.332,WF,980.464730732,201709030000-07:00,10.0,BC,Canada,CA02,2810001000,7.0,8.0,9.0,12.0,80.0,40.0,20.2495236179,1.56569614946,0.0,20.031071371,6.0,6.0,6.0,6.0,40.0,80.0,13.0,30.0,4,14,6,19,5,8,147228656137.743,170.068655,200.681019,1748.070431,34891.582211999994,90.99053100000002,49.440423,29.187379999999994,20.961271999999997,419.568616,6e8def6c-136d-4226-80e2-b6ee2c147456,Unknown Fire,http://tomcat-sf/smartfire/events/6e8def6c-136d-4226-80e2-b6ee2c147456,BRITISH COLUMBIA,tomcat-sf,CWFIS-Hotspots,-7.0
SF11C281865019916989810,SF11E2060184,50.275,-115.192,WF,201.860385739,201709030000-07:00,10.0,BC,Canada,CA02,2810001000,7.0,8.0,9.0,12.0,80.0,40.0,20.4917273606,1.84527158053,0.0,21.3054613958,6.0,6.0,6.0,6.0,40.0,80.0,13.0,30.0,4,14,6,19,5,8,11362693242.624577,36.30869900000001,42.844258999999994,375.2654329999999,7342.835747,19.477012,10.348466000000002,6.260617,4.418780999999999,89.996488,6e8def6c-136d-4226-80e2-b6ee2c147456,Unknown Fire,http://tomcat-sf/smartfire/events/6e8def6c-136d-4226-80e2-b6ee2c147456,BRITISH COLUMBIA,tomcat-sf,CWFIS-Hotspots,-7.0
SF11C281865119916989810,SF11E2049393,49.015,-115.34,WF,57.6743959254,201709030000-07:00,10.0,BC,Canada,CA02,2810001000,7.0,8.0,9.0,12.0,80.0,40.0,23.2787703852,2.45678432729,0.0,24.2627899634,6.0,6.0,6.0,6.0,40.0,80.0,13.0,30.0,4,14,6,19,5,8,3064196855.9859185,12.130696000000002,14.314219999999997,126.17053500000003,2412.259496,6.526927,3.3777229999999996,2.102955,1.4546040000000002,30.229960000000002,5f7afa54-103a-416a-bb3a-44b80782c610,Unknown Fire,http://tomcat-sf/smartfire/events/5f7afa54-103a-416a-bb3a-44b80782c610,BRITISH COLUMBIA,tomcat-sf,CWFIS-Hotspots,-7.0
SF11C281865219916989810,SF11E2076420,49.013,-114.389,WF,2003.90108722,201709030000-07:00,10.0,BC,Canada,CA02,2810001000,7.0,8.0,9.0,12.0,80.0,40.0,20.4545812348,0.929103996607,0.0,21.3736757923,6.0,6.0,6.0,6.0,40.0,80.0,13.0,30.0,4,14,6,19,5,8,331938384716.9224,329.365609,388.651412,3334.2153710000002,70213.164169,174.95039,100.88382200000002,55.79896699999998,41.993767000000005,802.1101840000001,c7e0451a-ac12-43e9-ac7e-17c72b1f22f4,Unknown Fire,http://tomcat-sf/smartfire/events/c7e0451a-ac12-43e9-ac7e-17c72b1f22f4,BRITISH COLUMBIA,tomcat-sf,CWFIS-Hotspots,-7.0
SF11C281865319916989810,SF11E2070315,49.558,-116.993,WF,144.185989814,201709030000-08:00,10.0,BC,Canada,CA02,2810001000,7.0,8.0,9.0,12.0,80.0,40.0,15.5477219723,2.63098157248,0.0,18.5828874699,6.0,6.0,6.0,6.0,40.0,80.0,13.0,30.0,4,14,5,18,5,8,5732206307.2750635,22.629392999999997,26.702702000000002,240.66780099999994,4226.703484999999,12.306973000000001,5.769516000000001,3.998262,2.5686840000000006,57.47502499999999,b35c388b-c12b-4c6e-8a85-d5f3a4c0021d,Unknown Fire,http://tomcat-sf/smartfire/events/b35c388b-c12b-4c6e-8a85-d5f3a4c0021d,BRITISH COLUMBIA,tomcat-sf,CWFIS-Hotspots,-8.0
SF11C281865419916989810,SF11E2049318,49.539,-118.534,WF,490.232365366,201709030000-08:00,10.0,BC,Canada,CA02,2810001000,7.0,8.0,9.0,12.0,80.0,40.0,19.9964467907,1.47555034161,0.0,21.6073800718,6.0,6.0,6.0,6.0,40.0,80.0,13.0,30.0,4,14,5,19,5,8,49556748478.23539,83.396106,98.40741500000003,855.8415219999998,17179.554862999998,44.58522999999999,24.379844999999996,14.293287000000003,10.315747999999997,205.46612999999996,7fff889a-d6db-4b6d-9769-4451618a14ab,Unknown Fire,http://tomcat-sf/smartfire/events/7fff889a-d6db-4b6d-9769-4451618a14ab,BRITISH COLUMBIA,tomcat-sf,CWFIS-Hotspots,-8.0
SF11C281865519916989810,SF11E2073088,51.478,-117.516,WF,115.348791851,201709030000-07:00,10.0,BC,Canada,CA02,2810001000,7.0,8.0,9.0,12.0,80.0,40.0,13.9281892893,3.24017042621,0.0,21.1623447063,6.0,6.0,6.0,6.0,40.0,80.0,13.0,30.0,4,14,6,20,5,8,4099036190.592488,17.912242,21.136461999999998,193.886147,3171.0708740000005,9.825373999999998,4.227326,3.2129030000000003,1.9407419999999997,46.185396000000004,cf60f700-d0b6-4a96-ba9e-2a272ad3c9c2,Unknown Fire,http://tomcat-sf/smartfire/events/cf60f700-d0b6-4a96-ba9e-2a272ad3c9c2,BRITISH COLUMBIA,tomcat-sf,CWFIS-Hotspots,-7.0
SF11C281865619916989810,SF11E2076420,49.117,-114.213,WF,8910.44706509,201709030000-07:00,10.0,BC,Canada,CA02,2810001000,7.0,8.0,9.0,12.0,80.0,40.0,18.7700692127,0.197693916059,0.0,16.7713803369,6.0,6.0,6.0,6.0,40.0,80.0,13.0,30.0,4,14,6,19,5,8,1417263318162.7627,1246.875823,1471.3134779999998,12378.664104000003,278365.8091869999,656.2767769999999,406.34376600000013,207.77788900000002,165.63102299999997,2986.8071710000004,c7e0451a-ac12-43e9-ac7e-17c72b1f22f4,Unknown Fire,http://tomcat-sf/smartfire/events/c7e0451a-ac12-43e9-ac7e-17c72b1f22f4,BRITISH COLUMBIA,tomcat-sf,CWFIS-Hotspots,-7.0
SF11C281865719916989810,SF11E2049393,49.01,-115.382,WF,185.971509741,201709030000-07:00,10.0,BC,Canada,CA02,2810001000,7.0,8.0,9.0,12.0,80.0,40.0,19.7509895764,2.02467700232,0.0,22.4245395603,6.0,6.0,6.0,6.0,40.0,80.0,13.0,30.0,4,14,6,19,5,8,9838902392.997913,33.002806,38.943302,342.847079,6584.087949999998,17.746949000000004,9.230847000000002,5.715437999999999,3.9686529999999998,82.159445,5f7afa54-103a-416a-bb3a-44b80782c610,Unknown Fire,http://tomcat-sf/smartfire/events/5f7afa54-103a-416a-bb3a-44b80782c610,BRITISH COLUMBIA,tomcat-sf,CWFIS-Hotspots,-7.0
SF11C281865819916989810,SF11E2060184,50.28,-115.16,WF,28.8371979627,201709030000-07:00,10.0,BC,Canada,CA02,2810001000,7.0,8.0,9.0,12.0,80.0,40.0,18.8873241829,1.15690814283,0.0,17.8617390545,6.0,6.0,6.0,6.0,40.0,80.0,13.0,30.0,4,14,6,19,5,8,886201447.540089,4.519982999999999,5.3335750000000015,46.116431,944.997394,2.4098090000000005,1.3483700000000005,0.7708600000000001,0.56645,11.081079,6e8def6c-136d-4226-80e2-b6ee2c147456,Unknown Fire,http://tomcat-sf/smartfire/events/6e8def6c-136d-4226-80e2-b6ee2c147456,BRITISH COLUMBIA,tomcat-sf,CWFIS-Hotspots,-7.0
SF11C281865919916989810,SF11E2060184,50.262,-115.317,WF,115.348791851,201709030000-07:00,10.0,BC,Canada,CA02,2810001000,7.0,8.0,9.0,12.0,80.0,40.0,19.9440936131,1.72011302313,0.0,20.0383550955,6.0,6.0,6.0,6.0,40.0,80.0,13.0,30.0,4,14,6,19,5,8,5670798719.923614,20.047846000000003,23.656454999999998,206.868382,4071.5847550000003,10.745954999999999,5.747429,3.4520600000000004,2.4489619999999994,49.62329700000001,6e8def6c-136d-4226-80e2-b6ee2c147456,Unknown Fire,http://tomcat-sf/smartfire/events/6e8def6c-136d-4226-80e2-b6ee2c147456,BRITISH COLUMBIA,tomcat-sf,CWFIS-Hotspots,-7.0
SF11C281866019916989810,SF11E2027901,49.935,-115.191,WF,81.1494071204,201709030000-07:00,10.0,BC,Canada,CA02,2810001000,7.0,8.0,9.0,12.0,80.0,40.0,2.67430288445,2.80859901562,0.0,13.2874621507,6.0,6.0,6.0,6.0,40.0,80.0,13.0,30.0,4,14,6,19,5,8,652316195.2695129,5.3705869999999996,6.337293999999997,63.47164800000001,675.5201829999999,3.0780840000000005,0.73214,1.0391329999999996,0.436029,14.937527999999997,61c65974-5588-4b38-8e82-aca9d824bf7d,Unknown Fire,http://tomcat-sf/smartfire/events/61c65974-5588-4b38-8e82-aca9d824bf7d,BRITISH COLUMBIA,tomcat-sf,CWFIS-Hotspots,-7.0
SF11C281866119916989810,SF11E2076420,49.105,-114.29,WF,57.6743959254,201709030000-07:00,10.0,BC,Canada,CA02,2810001000,7.0,8.0,9.0,12.0,80.0,40.0,11.7022395775,1.89207272583,0.0,17.097186123,6.0,6.0,6.0,6.0,40.0,80.0,13.0,30.0,4,14,6,19,5,8,1560721337.444811,6.728359999999999,7.939476000000001,71.38840099999999,1265.4336,3.655036999999999,1.7323950000000001,1.1863929999999998,0.7683660000000001,17.054460000000002,c7e0451a-ac12-43e9-ac7e-17c72b1f22f4,Unknown Fire,http://tomcat-sf/smartfire/events/c7e0451a-ac12-43e9-ac7e-17c72b1f22f4,BRITISH COLUMBIA,tomcat-sf,CWFIS-Hotspots,-7.0
SF11C281866219916989810,SF11E2060184,50.195,-115.265,WF,53.3994728341,201709030000-07:00,10.0,BC,Canada,CA02,2810001000,7.0,8.0,9.0,12.0,80.0,40.0,11.8347636517,3.54607050689,0.0,23.0217018378,6.0,6.0,6.0,6.0,40.0,80.0,13.0,30.0,4,14,6,19,5,8,1478397530.4455438,7.750153000000002,9.145181999999998,85.16342100000001,1306.3524609999997,4.282722,1.7013000000000003,1.408228,0.8049010000000002,20.243263000000002,6e8def6c-136d-4226-80e2-b6ee2c147456,Unknown Fire,http://tomcat-sf/smartfire/events/6e8def6c-136d-4226-80e2-b6ee2c147456,BRITISH COLUMBIA,tomcat-sf,CWFIS-Hotspots,-7.0
SF11C281866319916989810,SF11E2060184,50.285,-115.293,WF,432.557969441,201709030000-07:00,10.0,BC,Canada,CA02,2810001000,7.0,8.0,9.0,12.0,80.0,40.0,20.8525822053,1.94334477417,0.0,21.3826229975,6.0,6.0,6.0,6.0,40.0,80.0,13.0,30.0,4,14,6,19,5,8,40968447707.621506,79.64626100000002,93.98257400000001,824.2612840000002,16051.248491,42.75133399999999,22.591555000000007,13.748627999999998,9.663348999999997,197.636377,6e8def6c-136d-4226-80e2-b6ee2c147456,Unknown Fire,http://tomcat-sf/smartfire/events/6e8def6c-136d-4226-80e2-b6ee2c147456,BRITISH COLUMBIA,tomcat-sf,CWFIS-Hotspots,-7.0
SF11C281866519916989810,SF11E2068277,49.32,-115.9,WF,28.8371979627,201709030000-07:00,10.0,BC,Canada,CA02,2810001000,7.0,8.0,9.0,12.0,80.0,40.0,17.6133629896,3.05650997237,0.0,24.2567900585,6.0,6.0,6.0,6.0,40.0,80.0,13.0,30.0,4,14,6,19,5,8,848265888.0949991,5.163625000000001,6.093070999999999,54.98887500000001,960.7033989999999,2.8100290000000006,1.309193,0.9133640000000001,0.5841289999999999,13.129629000000001,8322b101-3aa3-4cc1-b327-9843b6cef30f,Unknown Fire,http://tomcat-sf/smartfire/events/8322b101-3aa3-4cc1-b327-9843b6cef30f,BRITISH COLUMBIA,tomcat-sf,CWFIS-Hotspots,-7.0
SF11C281866619916989810,SF11E2077333,49.718,-119.811,WF,2219.37697945,201709030000-08:00,10.0,BC,Canada,CA02,2810001000,7.0,8.0,9.0,12.0,80.0,40.0,15.6005950285,5.80198921952,0.0,29.1491071004,6.0,6.0,6.0,6.0,40.0,80.0,13.0,30.0,4,14,5,19,5,8,305607570791.144,466.2267739999999,550.147583,5191.647969000001,75056.96893300001,259.330423,95.481248,85.68701300000001,46.550394000000004,1231.750839,da0bad58-a443-4508-9bc1-2818e22401eb,Unknown Fire,http://tomcat-sf/smartfire/events/da0bad58-a443-4508-9bc1-2818e22401eb,BRITISH COLUMBIA,tomcat-sf,CWFIS-Hotspots,-8.0
SF11C281866719916989810,SF11E2060184,50.355,-115.36,WF,53.3994728341,201709030000-07:00,10.0,BC,Canada,CA02,2810001000,7.0,8.0,9.0,12.0,80.0,40.0,10.8885829593,2.7854678565,0.0,19.7076131285,6.0,6.0,6.0,6.0,40.0,80.0,13.0,30.0,4,14,6,19,5,8,1345913329.1993601,6.706807,7.914027000000001,73.00150900000003,1166.419369,3.6888979999999996,1.5421500000000001,1.2087510000000004,0.7155880000000001,17.375782,6e8def6c-136d-4226-80e2-b6ee2c147456,Unknown Fire,http://tomcat-sf/smartfire/events/6e8def6c-136d-4226-80e2-b6ee2c147456,BRITISH COLUMBIA,tomcat-sf,CWFIS-Hotspots,-7.0
SF11C281866819916989810,SF11E2060184,50.235,-115.23,WF,57.6743959254,201709030000-07:00,10.0,BC,Canada,CA02,2810001000,7.0,8.0,9.0,12.0,80.0,40.0,20.1215896048,1.78843469464,0.0,20.3221684386,6.0,6.0,6.0,6.0,40.0,80.0,13.0,30.0,4,14,6,19,5,8,2638453806.7206388,10.163988000000003,11.993499999999997,104.99716000000001,2058.16965,5.450970999999998,2.9020689999999996,1.7518129999999998,1.238376,25.182368000000004,6e8def6c-136d-4226-80e2-b6ee2c147456,Unknown Fire,http://tomcat-sf/smartfire/events/6e8def6c-136d-4226-80e2-b6ee2c147456,BRITISH COLUMBIA,tomcat-sf,CWFIS-Hotspots,-7.0
SF11C281869619916989810,SF11E2045523,50.139,-116.594,WF,1211.16231443,201709030000-08:00,10.0,BC,Canada,CA02,2810001000,7.0,8.0,9.0,12.0,80.0,40.0,20.3008207102,1.27651316667,0.0,19.6698452728,6.0,6.0,6.0,6.0,40.0,80.0,13.0,30.0,4,14,5,18,5,8,188672375687.76877,204.71180199999998,241.559913,2090.2479829999993,42715.937590999994,109.181148,60.905795000000005,34.935416999999994,25.610977000000002,502.1965610000001,83a24d95-8272-48da-beaa-7414f6c0f2ed,Unknown Fire,http://tomcat-sf/smartfire/events/83a24d95-8272-48da-beaa-7414f6c0f2ed,BRITISH COLUMBIA,tomcat-sf,CWFIS-Hotspots,-8.0
SF11C281869719916989810,SF11E2027901,49.935,-115.317,WF,189.035616465,201709030000-07:00,10.0,BC,Canada,CA02,2810001000,7.0,8.0,9.0,12.0,80.0,40.0,12.548241037,2.61674630548,0.0,19.3941650986,6.0,6.0,6.0,6.0,40.0,80.0,13.0,30.0,4,14,6,19,5,8,6550033136.280826,25.495784000000004,30.085032,274.2518080000001,4602.293193999999,13.942562000000002,6.189543000000001,4.5487090000000014,2.809385,65.38785399999999,61c65974-5588-4b38-8e82-aca9d824bf7d,Unknown Fire,http://tomcat-sf/smartfire/events/61c65974-5588-4b38-8e82-aca9d824bf7d,BRITISH COLUMBIA,tomcat-sf,CWFIS-Hotspots,-7.0
SF11C281870519916989810,SF11E2073313,51.02,-115.76,WF,24.5622748714,201709030000-07:00,10.0,BC,Canada,CA02,2810001000,7.0,8.0,9.0,12.0,80.0,40.0,2.11168909896,4.14043480358,0.0,18.5107993937,6.0,6.0,6.0,6.0,40.0,80.0,13.0,30.0,4,14,6,19,5,8,110364408.98784801,2.0690399999999998,2.441484000000001,25.093003999999997,227.240609,1.2016860000000003,0.21785199999999996,0.4094239999999999,0.15049899999999997,5.885447000000002,22ea68d7-730b-4ed1-adc2-99d52a6c159e,Unknown Fire,http://tomcat-sf/smartfire/events/22ea68d7-730b-4ed1-adc2-99d52a6c159e,BRITISH COLUMBIA,tomcat-sf,CWFIS-Hotspots,-7.0
SF11C281871019916989810,SF11E2060184,50.195,-115.3,WF,57.6743959254,201709030000-07:00,10.0,BC,Canada,CA02,2810001000,7.0,8.0,9.0,12.0,80.0,40.0,21.6738383821,2.20520301995,0.0,22.1589422852,6.0,6.0,6.0,6.0,40.0,80.0,13.0,30.0,4,14,6,19,5,8,2850436505.038308,11.215500000000002,13.234299999999998,116.47567599999999,2239.3442300000006,6.0301490000000015,3.140541000000001,1.9417980000000004,1.3496659999999996,27.913351000000006,6e8def6c-136d-4226-80e2-b6ee2c147456,Unknown Fire,http://tomcat-sf/smartfire/events/6e8def6c-136d-4226-80e2-b6ee2c147456,BRITISH COLUMBIA,tomcat-sf,CWFIS-Hotspots,-7.0
SF11C281871119916989810,SF11E2027901,49.913,-115.263,WF,106.354155982,201709030000-07:00,10.0,BC,Canada,CA02,2810001000,7.0,8.0,9.0,12.0,80.0,40.0,5.89924889314,2.25176682998,0.0,18.0953227109,6.0,6.0,6.0,6.0,40.0,80.0,13.0,30.0,4,14,6,19,5,8,1651922122.89963,8.550656,10.089761,95.368558,1368.6591530000003,4.759935,1.7357699999999998,1.573681,0.8495600000000001,22.621715000000002,61c65974-5588-4b38-8e82-aca9d824bf7d,Unknown Fire,http://tomcat-sf/smartfire/events/61c65974-5588-4b38-8e82-aca9d824bf7d,BRITISH COLUMBIA,tomcat-sf,CWFIS-Hotspots,-7.0
SF11C281871219916989810,SF11E2049318,49.554,-118.53,WF,288.371979627,201709030000-08:00,10.0,BC,Canada,CA02,2810001000,7.0,8.0,9.0,12.0,80.0,40.0,20.6517632035,1.45757392035,0.0,21.2061975424,6.0,6.0,6.0,6.0,40.0,80.0,13.0,30.0,4,14,5,19,5,8,19713366812.846695,50.34606400000002,59.408343000000016,515.915367,10410.150771999997,26.897345,14.793697000000002,8.618122000000001,6.248201999999999,123.885496,7fff889a-d6db-4b6d-9769-4451618a14ab,Unknown Fire,http://tomcat-sf/smartfire/events/7fff889a-d6db-4b6d-9769-4451618a14ab,BRITISH COLUMBIA,tomcat-sf,CWFIS-Hotspots,-8.0
SF11C281871319916989810,SF11E2077341,50.991,-117.557,WF,57.6743959254,201709030000-08:00,10.0,BC,Canada,CA02,2810001000,7.0,8.0,9.0,12.0,80.0,40.0,18.1407671266,1.90710082918,0.0,20.4554153963,6.0,6.0,6.0,6.0,40.0,80.0,13.0,30.0,4,14,5,19,5,8,2387652354.334886,9.446126000000001,11.146419000000002,98.23258700000002,1879.237571,5.082096,2.6318099999999993,1.6373390000000003,1.1331130000000003,23.536698000000005,b610170a-60e9-469c-9ee3-f82858de6ba0,Unknown Fire,http://tomcat-sf/smartfire/events/b610170a-60e9-469c-9ee3-f82858de6ba0,BRITISH COLUMBIA,tomcat-sf,CWFIS-Hotspots,-8.0
SF11C281871419916989810,SF11E2075230,49.216,-114.934,WF,1441.85989814,201709030000-07:00,10.0,BC,Canada,CA02,2810001000,7.0,8.0,9.0,12.0,80.0,40.0,20.8471052815,1.56009031598,0.0,22.0716041906,6.0,6.0,6.0,6.0,40.0,80.0,13.0,30.0,4,14,6,19,5,8,239293123135.30066,256.23918100000003,302.3622419999999,2630.858310999999,52721.317782,137.02125300000003,74.78430000000002,43.93451099999999,31.661867000000004,631.5587409999999,9b64309c-a0eb-4688-b73b-2889adbbe713,Unknown Fire,http://tomcat-sf/smartfire/events/9b64309c-a0eb-4688-b73b-2889adbbe713,BRITISH COLUMBIA,tomcat-sf,CWFIS-Hotspots,-7.0
SF11C281871519916989810,SF11E2027901,49.93,-115.15,WF,86.5115938881,201709030000-07:00,10.0,BC,Canada,CA02,2810001000,7.0,8.0,9.0,12.0,80.0,40.0,22.1855706922,2.0064471593,0.0,22.4861415574,6.0,6.0,6.0,6.0,40.0,80.0,13.0,30.0,4,14,6,19,5,8,4637910097.494806,16.859575999999997,19.894296,174.27921300000003,3408.0963520000005,9.044663000000003,4.802333,2.907458,2.0510339999999996,41.794785,61c65974-5588-4b38-8e82-aca9d824bf7d,Unknown Fire,http://tomcat-sf/smartfire/events/61c65974-5588-4b38-8e82-aca9d824bf7d,BRITISH COLUMBIA,tomcat-sf,CWFIS-Hotspots,-7.0
SF11C281871619916989810,SF11E2076420,49.069,-114.292,WF,488.057838013,201709030000-07:00,10.0,BC,Canada,CA02,2810001000,7.0,8.0,9.0,12.0,80.0,40.0,11.6430124383,1.55450070508,0.0,16.8062259291,6.0,6.0,6.0,6.0,40.0,80.0,13.0,30.0,4,14,6,19,5,8,29009757467.07913,53.986793000000006,63.70442700000001,567.416052,10431.270497000001,29.193725,14.440451000000003,9.442865000000003,6.312324000000001,135.74124500000002,c7e0451a-ac12-43e9-ac7e-17c72b1f22f4,Unknown Fire,http://tomcat-sf/smartfire/events/c7e0451a-ac12-43e9-ac7e-17c72b1f22f4,BRITISH COLUMBIA,tomcat-sf,CWFIS-Hotspots,-7.0
SF11C281871719916989810,SF11E2076420,49.117,-114.164,WF,966.009065943,201709030000-07:00,10.0,BC,Canada,CA02,2810001000,7.0,8.0,9.0,12.0,80.0,40.0,18.0482228674,0.0,0.0,14.8777713292,6.0,6.0,6.0,6.0,40.0,80.0,13.0,30.0,4,14,6,19,5,8,126580311270.40175,126.924955,149.77144800000005,1251.8148449999999,28762.102202000002,66.60072900000003,42.19209000000001,21.033283000000004,17.086046,302.35337999999996,c7e0451a-ac12-43e9-ac7e-17c72b1f22f4,Unknown Fire,http://tomcat-sf/smartfire/events/c7e0451a-ac12-43e9-ac7e-17c72b1f22f4,BRITISH COLUMBIA,tomcat-sf,CWFIS-Hotspots,-7.0
SF11C281872819916989810,SF11E2076420,49.14,-114.12,WF,91.0336223604,201709030000-07:00,10.0,BC,Canada,CA02,2810001000,7.0,8.0,9.0,12.0,80.0,40.0,21.0611827417,0.0,0.0,17.3034579449,6.0,6.0,6.0,6.0,40.0,80.0,13.0,30.0,4,14,6,19,5,8,4578409761.058573,13.957765999999998,16.470168999999995,137.66039599999996,3162.929851,7.3239969999999985,4.639807,2.312998,1.8789319999999998,33.24940499999999,c7e0451a-ac12-43e9-ac7e-17c72b1f22f4,Unknown Fire,http://tomcat-sf/smartfire/events/c7e0451a-ac12-43e9-ac7e-17c72b1f22f4,BRITISH COLUMBIA,tomcat-sf,CWFIS-Hotspots,-7.0
SF11C281874919916989810,SF11E2049393,48.935,-115.41,WF,141.24543578,201709030000-07:00,10.0,BC,Canada,CA02,2810001000,7.0,8.0,9.0,12.0,80.0,40.0,24.2762716049,2.27087618529,0.0,24.1613268884,6.0,6.0,6.0,6.0,40.0,80.0,13.0,30.0,4,14,6,19,5,8,8595584985.497463,30.297208,35.750710999999995,313.5920979999999,6103.508769,16.263608999999995,8.589205000000002,5.23058,3.674673,75.18959399999997,5f7afa54-103a-416a-bb3a-44b80782c610,Unknown Fire,http://tomcat-sf/smartfire/events/5f7afa54-103a-416a-bb3a-44b80782c610,BRITISH COLUMBIA,tomcat-sf,CWFIS-Hotspots,-7.0
SF11C281875419916989810,SF11E2045523,50.116,-116.705,WF,144.185989814,201709030000-08:00,10.0,BC,Canada,CA02,2810001000,7.0,8.0,9.0,12.0,80.0,40.0,16.1332132617,2.87850904344,0.0,21.722100142,6.0,6.0,6.0,6.0,40.0,80.0,13.0,30.0,4,14,5,18,5,8,5961025482.454745,23.837569000000006,28.128331,254.22831200000007,4415.689426999999,12.981636,6.006214000000001,4.221824,2.6863940000000004,60.688787,83a24d95-8272-48da-beaa-7414f6c0f2ed,Unknown Fire,http://tomcat-sf/smartfire/events/83a24d95-8272-48da-beaa-7414f6c0f2ed,BRITISH COLUMBIA,tomcat-sf,CWFIS-Hotspots,-8.0
SF11C281875519916989810,SF11E2076420,49.05,-114.35,WF,28.8371979627,201709030000-07:00,10.0,BC,Canada,CA02,2810001000,7.0,8.0,9.0,12.0,80.0,40.0,21.8575039362,0.0423272162871,0.0,18.7660964605,6.0,6.0,6.0,6.0,40.0,80.0,13.0,30.0,4,14,6,19,5,8,1012048301.928239,4.608952,5.438565999999999,45.512668999999995,1041.5214180000003,2.4198280000000003,1.526445,0.7645669999999999,0.618902,10.990669,c7e0451a-ac12-43e9-ac7e-17c72b1f22f4,Unknown Fire,http://tomcat-sf/smartfire/events/c7e0451a-ac12-43e9-ac7e-17c72b1f22f4,BRITISH COLUMBIA,tomcat-sf,CWFIS-Hotspots,-7.0
SF11C281875619916989810,SF11E2077379,50.26,-115.48,WF,57.6743959254,201709030000-07:00,10.0,BC,Canada,CA02,2810001000,7.0,8.0,9.0,12.0,80.0,40.0,22.4648425378,2.93839774189,0.0,24.1584719151,6.0,6.0,6.0,6.0,40.0,80.0,13.0,30.0,4,14,6,19,5,8,2974484747.44509,12.250929999999997,14.456104999999997,128.636505,2373.5133440000004,6.621693,3.2893390000000005,2.1410590000000003,1.4358109999999997,30.777691,61ee5a84-6a6f-4324-bffb-f97a61f2b63e,Unknown Fire,http://tomcat-sf/smartfire/events/61ee5a84-6a6f-4324-bffb-f97a61f2b63e,BRITISH COLUMBIA,tomcat-sf,CWFIS-Hotspots,-7.0
SF11C281875719916989810,SF11E2073172,49.247,-114.796,WF,57.6743959254,201709030000-07:00,10.0,BC,Canada,CA02,2810001000,7.0,8.0,9.0,12.0,80.0,40.0,22.2804115438,0.517643282975,0.0,20.0466858184,6.0,6.0,6.0,6.0,40.0,80.0,13.0,30.0,4,14,6,19,5,8,2878403152.755764,9.851412,11.624672000000002,98.536757,2161.4698939999994,5.2033429999999985,3.136831,1.6520470000000003,1.2885689999999999,23.748308000000005,503803fc-1bb7-4064-ae1a-49c0821e78f0,Unknown Fire,http://tomcat-sf/smartfire/events/503803fc-1bb7-4064-ae1a-49c0821e78f0,BRITISH COLUMBIA,tomcat-sf,CWFIS-Hotspots,-7.0
SF11C281876419916989810,SF11E2077379,50.27,-115.45,WF,49.1245497428,201709030000-07:00,10.0,BC,Canada,CA02,2810001000,7.0,8.0,9.0,12.0,80.0,40.0,1.83577254434,4.65822112859,0.0,22.9723197213,6.0,6.0,6.0,6.0,40.0,80.0,13.0,30.0,4,14,6,19,5,8,333073485.591695,4.462473,5.265724,54.557432,467.5551419999999,2.6026190000000002,0.4260189999999999,0.8892479999999997,0.312634,12.782875,61ee5a84-6a6f-4324-bffb-f97a61f2b63e,Unknown Fire,http://tomcat-sf/smartfire/events/61ee5a84-6a6f-4324-bffb-f97a61f2b63e,BRITISH COLUMBIA,tomcat-sf,CWFIS-Hotspots,-7.0
SF11C281876919916989810,SF11E2077339,51.66,-121.06,WF,28.8371979627,201709030000-08:00,10.0,BC,Canada,CA02,2810001000,7.0,8.0,9.0,12.0,80.0,40.0,17.5814358239,4.54978199387,0.0,25.1994219505,6.0,6.0,6.0,6.0,40.0,80.0,13.0,30.0,4,14,5,19,5,8,864129576.6124219,5.873117000000001,6.930279,63.97093099999999,1019.1730500000002,3.231446,1.3460750000000001,1.0591200000000003,0.6254379999999999,15.224846000000001,34e36ba0-f1fe-42ad-9ff3-8bbda9006125,Unknown Fire,http://tomcat-sf/smartfire/events/34e36ba0-f1fe-42ad-9ff3-8bbda9006125,BRITISH COLUMBIA,tomcat-sf,CWFIS-Hotspots,-8.0
SF11C281877019916989810,SF11E2077421,49.17,-120.39,WF,24.5622748714,201709030000-08:00,10.0,BC,Canada,CA02,2810001000,7.0,8.0,9.0,12.0,80.0,40.0,1.59880808153,5.07437977577,0.0,27.8528966005,6.0,6.0,6.0,6.0,40.0,80.0,13.0,30.0,4,14,5,19,5,8,103670107.61239299,2.3588760000000004,2.783476,29.008610999999995,238.41547400000005,1.3799489999999996,0.208205,0.472461,0.16062199999999996,6.791653999999999,c54aea81-b787-48ee-8ade-48a4523a9a3c,Unknown Fire,http://tomcat-sf/smartfire/events/c54aea81-b787-48ee-8ade-48a4523a9a3c,BRITISH COLUMBIA,tomcat-sf,CWFIS-Hotspots,-8.0
SF11C281877319916989810,SF11E2077358,49.12,-120.34,WF,28.8371979627,201709030000-08:00,10.0,BC,Canada,CA02,2810001000,7.0,8.0,9.0,12.0,80.0,40.0,22.4592692265,4.63036810219,0.0,27.9702181601,6.0,6.0,6.0,6.0,40.0,80.0,13.0,30.0,4,14,5,19,5,8,1090058441.9940941,6.9357999999999995,8.184244,74.55881400000001,1254.4622039999995,3.7917159999999996,1.6885870000000003,1.2367480000000002,0.7655680000000001,17.778147,b5320acb-c73c-4bc2-910f-0b47e55972e6,Unknown Fire,http://tomcat-sf/smartfire/events/b5320acb-c73c-4bc2-910f-0b47e55972e6,BRITISH COLUMBIA,tomcat-sf,CWFIS-Hotspots,-8.0
SF11C281877619916989810,SF11E2048697,51.22,-121.11,WF,28.8371979627,201709030000-08:00,10.0,BC,Canada,CA02,2810001000,7.0,8.0,9.0,12.0,80.0,40.0,17.0604427689,4.95269513694,0.0,25.3079555454,6.0,6.0,6.0,6.0,40.0,80.0,13.0,30.0,4,14,5,19,5,8,844914106.5110111,5.9569969999999985,7.029253999999999,65.33355199999998,1010.5740269999999,3.288706,1.320257,1.08061,0.6221030000000003,15.533931999999998,1097f59e-7eb1-48ce-9875-01006f27b6b1,Unknown Fire,http://tomcat-sf/smartfire/events/1097f59e-7eb1-48ce-9875-01006f27b6b1,BRITISH COLUMBIA,tomcat-sf,CWFIS-Hotspots,-8.0
SF11C281878019916989810,SF11E2077400,49.19,-120.5,WF,28.8371979627,201709030000-08:00,10.0,BC,Canada,CA02,2810001000,7.0,8.0,9.0,12.0,80.0,40.0,22.5646516703,4.49451774009,0.0,27.7260733328,6.0,6.0,6.0,6.0,40.0,80.0,13.0,30.0,4,14,5,19,5,8,1093353945.803461,6.892767999999999,8.133469999999997,73.953861,1254.0181230000003,3.7646559999999996,1.692389,1.2270570000000003,0.7647069999999998,17.638791,62c6d268-35d0-4056-9277-f81bda438e6c,Unknown Fire,http://tomcat-sf/smartfire/events/62c6d268-35d0-4056-9277-f81bda438e6c,BRITISH COLUMBIA,tomcat-sf,CWFIS-Hotspots,-8.0
SF11C281878119916989810,SF11E2073160,60.956,-123.659,WF,2278.63284982,201709030000-07:00,10.0,NT,Canada,CA13,2810001000,7.0,8.0,9.0,12.0,80.0,40.0,13.3051521597,1.97077288191,0.0,16.8832116971,6.0,6.0,6.0,6.0,40.0,80.0,13.0,30.0,4,14,6,20,5,8,254223870450.05566,295.40059800000006,348.57271800000007,3120.379728000001,56270.732741999986,160.12697400000002,77.44601099999998,51.890789,34.11206400000002,745.9301510000001,2d82c11a-c1c6-4733-a340-f5f4c6fde0d9,Unknown Fire,http://tomcat-sf/smartfire/events/2d82c11a-c1c6-4733-a340-f5f4c6fde0d9,NORTHWEST TERRITORIES,tomcat-sf,CWFIS-Hotspots,-7.0
SF11C281880419916989810,SF11E2070339,51.596,-118.898,WF,106.798945668,201709030000-08:00,10.0,BC,Canada,CA02,2810001000,7.0,8.0,9.0,12.0,80.0,40.0,7.07703950691,3.81534166574,0.0,19.4370486458,6.0,6.0,6.0,6.0,40.0,80.0,13.0,30.0,4,14,5,19,5,8,2068065589.7126598,12.279499999999999,14.489800999999998,139.886453,1814.5215180000002,6.908182,2.1990750000000006,2.301532,1.1400269999999997,33.08460799999999,d6a8ce11-26e8-4a4e-8f3f-9530400d64f7,Unknown Fire,http://tomcat-sf/smartfire/events/d6a8ce11-26e8-4a4e-8f3f-9530400d64f7,BRITISH COLUMBIA,tomcat-sf,CWFIS-Hotspots,-8.0
SF11C281880519916989810,SF11E2048697,51.367,-121.138,WF,115.348791851,201709030000-08:00,10.0,BC,Canada,CA02,2810001000,7.0,8.0,9.0,12.0,80.0,40.0,16.6351637547,5.05378970098,0.0,25.2731828626,6.0,6.0,6.0,6.0,40.0,80.0,13.0,30.0,4,14,5,19,5,8,4980268561.242231,23.664794000000004,27.924469999999996,260.26229900000004,3977.6143559999996,13.082525,5.172927000000001,4.303083000000001,2.451758999999999,61.856738,1097f59e-7eb1-48ce-9875-01006f27b6b1,Unknown Fire,http://tomcat-sf/smartfire/events/1097f59e-7eb1-48ce-9875-01006f27b6b1,BRITISH COLUMBIA,tomcat-sf,CWFIS-Hotspots,-8.0
SF11C281880619916989810,SF11E2048697,51.24,-120.93,WF,28.8371979627,201709030000-08:00,10.0,BC,Canada,CA02,2810001000,7.0,8.0,9.0,12.0,80.0,40.0,18.0560256329,4.50102929812,0.0,24.9845852087,6.0,6.0,6.0,6.0,40.0,80.0,13.0,30.0,4,14,5,19,5,8,885432115.6431799,5.949367999999999,7.020258000000002,64.658162,1039.792067,3.269852,1.3779130000000002,1.0708289999999998,0.6374770000000001,15.393251999999999,1097f59e-7eb1-48ce-9875-01006f27b6b1,Unknown Fire,http://tomcat-sf/smartfire/events/1097f59e-7eb1-48ce-9875-01006f27b6b1,BRITISH COLUMBIA,tomcat-sf,CWFIS-Hotspots,-8.0
SF11C281880719916989810,SF11E2070900,50.4,-117.19,WF,28.8371979627,201709030000-08:00,10.0,BC,Canada,CA02,2810001000,7.0,8.0,9.0,12.0,80.0,40.0,19.6346105814,0.398870985439,0.0,16.9092039739,6.0,6.0,6.0,6.0,40.0,80.0,13.0,30.0,4,14,5,19,5,8,912824025.12304,4.313287,5.089685999999999,43.070542,950.095612,2.276419,1.380667,0.7223129999999999,0.566152,10.383083000000001,e6fea76a-791b-46a6-80e1-bd09778f99ce,Unknown Fire,http://tomcat-sf/smartfire/events/e6fea76a-791b-46a6-80e1-bd09778f99ce,BRITISH COLUMBIA,tomcat-sf,CWFIS-Hotspots,-8.0
SF11C281880819916989810,SF11E2075142,50.86,-117.56,WF,28.8371979627,201709030000-08:00,10.0,BC,Canada,CA02,2810001000,7.0,8.0,9.0,12.0,80.0,40.0,19.5428863008,0.742680487819,0.0,17.529669971,6.0,6.0,6.0,6.0,40.0,80.0,13.0,30.0,4,14,5,19,5,8,912157252.4255902,4.458935,5.261546999999998,44.96385799999999,959.5436819999999,2.3641519999999994,1.3832699999999996,0.7529180000000001,0.5732840000000001,10.823297,f3c7d8a1-3379-45f8-994a-6d8772d775a0,Unknown Fire,http://tomcat-sf/smartfire/events/f3c7d8a1-3379-45f8-994a-6d8772d775a0,BRITISH COLUMBIA,tomcat-sf,CWFIS-Hotspots,-8.0
SF11C281881219916989810,SF11E2073313,50.885,-115.81,WF,53.3994728341,201709030000-07:00,10.0,BC,Canada,CA02,2810001000,7.0,8.0,9.0,12.0,80.0,40.0,2.78247250671,3.82919959749,0.0,16.356967378,6.0,6.0,6.0,6.0,40.0,80.0,13.0,30.0,4,14,6,19,5,8,447090061.54189193,4.482556999999999,5.289399999999999,53.63299100000001,529.9698780000002,2.5853600000000005,0.545238,0.8766370000000001,0.34599699999999994,12.601584999999996,22ea68d7-730b-4ed1-adc2-99d52a6c159e,Unknown Fire,http://tomcat-sf/smartfire/events/22ea68d7-730b-4ed1-adc2-99d52a6c159e,BRITISH COLUMBIA,tomcat-sf,CWFIS-Hotspots,-7.0
SF11C281882019916989810,SF11E2060184,50.327,-115.233,WF,53.3994728341,201709030000-07:00,10.0,BC,Canada,CA02,2810001000,7.0,8.0,9.0,12.0,80.0,40.0,11.4132645835,3.16750791296,0.0,20.6595236837,6.0,6.0,6.0,6.0,40.0,80.0,13.0,30.0,4,14,6,19,5,8,1418159621.3106978,7.250072999999999,8.555088000000001,79.29978100000001,1241.0601100000003,3.9972480000000004,1.628478,1.3121249999999998,0.7630260000000002,18.861855,6e8def6c-136d-4226-80e2-b6ee2c147456,Unknown Fire,http://tomcat-sf/smartfire/events/6e8def6c-136d-4226-80e2-b6ee2c147456,BRITISH COLUMBIA,tomcat-sf,CWFIS-Hotspots,-7.0
SF11C281882519916989810,SF11E2073088,51.46,-117.49,WF,28.8371979627,201709030000-07:00,10.0,BC,Canada,CA02,2810001000,7.0,8.0,9.0,12.0,80.0,40.0,14.0585323311,3.16623541185,0.0,21.1040965593,6.0,6.0,6.0,6.0,40.0,80.0,13.0,30.0,4,14,6,20,5,8,685439275.554441,4.469969,5.27456,48.293426999999994,795.99833,2.4496580000000003,1.0639979999999998,0.8004879999999999,0.48678300000000013,11.507007,cf60f700-d0b6-4a96-ba9e-2a272ad3c9c2,Unknown Fire,http://tomcat-sf/smartfire/events/cf60f700-d0b6-4a96-ba9e-2a272ad3c9c2,BRITISH COLUMBIA,tomcat-sf,CWFIS-Hotspots,-7.0
SF11C281882719916989810,SF11E2070315,49.54,-116.95,WF,28.8371979627,201709030000-08:00,10.0,BC,Canada,CA02,2810001000,7.0,8.0,9.0,12.0,80.0,40.0,12.4585187835,2.91127465802,0.0,15.697624674,6.0,6.0,6.0,6.0,40.0,80.0,13.0,30.0,4,14,5,18,5,8,608659762.109115,4.011781,4.733912999999999,43.435699,709.638977,2.2008549999999993,0.9456690000000001,0.7197579999999999,0.4343579999999999,10.346396000000002,b35c388b-c12b-4c6e-8a85-d5f3a4c0021d,Unknown Fire,http://tomcat-sf/smartfire/events/b35c388b-c12b-4c6e-8a85-d5f3a4c0021d,BRITISH COLUMBIA,tomcat-sf,CWFIS-Hotspots,-8.0
SF11C281884619916989810,SF11E2073172,49.25,-114.757,WF,106.798945668,201709030000-07:00,10.0,BC,Canada,CA02,2810001000,7.0,8.0,9.0,12.0,80.0,40.0,11.5367684742,2.04565554175,0.0,17.7303433686,6.0,6.0,6.0,6.0,40.0,80.0,13.0,30.0,4,14,6,19,5,8,3089061827.8329687,12.603456999999999,14.872076999999999,134.371569,2336.971167999999,6.86258,3.1800979999999988,2.2315439999999995,1.4215750000000003,32.078407999999996,503803fc-1bb7-4064-ae1a-49c0821e78f0,Unknown Fire,http://tomcat-sf/smartfire/events/503803fc-1bb7-4064-ae1a-49c0821e78f0,BRITISH COLUMBIA,tomcat-sf,CWFIS-Hotspots,-7.0
SF11C281884719916989810,SF11E2077417,51.404,-117.603,WF,28.8371979627,201709030000-08:00,10.0,BC,Canada,CA02,2810001000,7.0,8.0,9.0,12.0,80.0,40.0,19.6702935035,2.03865591761,0.0,20.5774878099,6.0,6.0,6.0,6.0,40.0,80.0,13.0,30.0,4,14,5,19,5,8,931955579.7112651,5.1072570000000015,6.026575,53.080328999999985,1017.667449,2.7469770000000002,1.426086,0.8848240000000002,0.613505,12.719256999999999,cfb0c6ef-6d0e-44e0-b579-4319e736e9e2,Unknown Fire,http://tomcat-sf/smartfire/events/cfb0c6ef-6d0e-44e0-b579-4319e736e9e2,BRITISH COLUMBIA,tomcat-sf,CWFIS-Hotspots,-8.0
SF11C281884819916989810,SF11E2070900,50.403,-117.236,WF,115.348791851,201709030000-08:00,10.0,BC,Canada,CA02,2810001000,7.0,8.0,9.0,12.0,80.0,40.0,16.8028659442,1.6884727916,0.0,18.6880084794,6.0,6.0,6.0,6.0,40.0,80.0,13.0,30.0,4,14,5,19,5,8,4793342118.118733,17.34932699999999,20.472212000000003,180.085736,3468.753407,9.325809000000001,4.867261,3.002483,2.0903,43.160719,e6fea76a-791b-46a6-80e1-bd09778f99ce,Unknown Fire,http://tomcat-sf/smartfire/events/e6fea76a-791b-46a6-80e1-bd09778f99ce,BRITISH COLUMBIA,tomcat-sf,CWFIS-Hotspots,-8.0
SF11C281884919916989810,SF11E2070900,50.421,-117.203,WF,57.6743959254,201709030000-08:00,10.0,BC,Canada,CA02,2810001000,7.0,8.0,9.0,12.0,80.0,40.0,14.0275542431,2.7984317196,0.0,20.1826985314,6.0,6.0,6.0,6.0,40.0,80.0,13.0,30.0,4,14,5,19,5,8,1887678059.1308904,8.57412,10.117449000000002,92.00133299999999,1559.498102,4.683173,2.1044010000000006,1.526475,0.9510239999999998,21.943025999999996,e6fea76a-791b-46a6-80e1-bd09778f99ce,Unknown Fire,http://tomcat-sf/smartfire/events/e6fea76a-791b-46a6-80e1-bd09778f99ce,BRITISH COLUMBIA,tomcat-sf,CWFIS-Hotspots,-8.0
SF11C281885819916989810,SF11E2075235,50.349,-115.595,WF,144.185989814,201709030000-07:00,10.0,BC,Canada,CA02,2810001000,7.0,8.0,9.0,12.0,80.0,40.0,22.4123995594,3.23735874411,0.0,24.7996899994,6.0,6.0,6.0,6.0,40.0,80.0,13.0,30.0,4,14,6,19,5,8,8215053580.835509,31.289234000000004,36.921285,330.10577699999993,5981.359167,16.950735,8.244198999999997,5.490535000000001,3.6243590000000006,78.92641899999998,8abf8773-85d4-4b0e-815e-abee1554d41d,Unknown Fire,http://tomcat-sf/smartfire/events/8abf8773-85d4-4b0e-815e-abee1554d41d,BRITISH COLUMBIA,tomcat-sf,CWFIS-Hotspots,-7.0
SF11C281886819916989810,SF11E2075152,49.834,-116.251,WF,259.089991978,201709030000-07:00,10.0,BC,Canada,CA02,2810001000,7.0,8.0,9.0,12.0,80.0,40.0,17.8731723407,1.68059936119,0.0,20.2049088359,6.0,6.0,6.0,6.0,40.0,80.0,13.0,30.0,4,14,6,19,5,8,14451572844.845287,40.953937,48.32565199999999,423.9803590000001,8245.948543999999,21.986291000000005,11.601817000000002,7.071593999999998,4.964853999999999,101.65420300000002,d67b6220-0282-47a3-a483-4bf7fb33b118,Unknown Fire,http://tomcat-sf/smartfire/events/d67b6220-0282-47a3-a483-4bf7fb33b118,BRITISH COLUMBIA,tomcat-sf,CWFIS-Hotspots,-7.0
SF11C281886919916989810,SF11E1978782,48.97,-120.2,WF,70.6227178898,201709030000-08:00,10.0,BC,Canada,CA02,2810001000,7.0,8.0,9.0,12.0,80.0,40.0,22.9237213785,3.92565210232,0.0,26.7064017704,6.0,6.0,6.0,6.0,40.0,80.0,13.0,30.0,4,14,5,19,5,8,3864336881.5635734,16.396904999999997,19.348356999999996,174.49328699999998,3056.975659000001,8.92014,4.169561000000002,2.8986359999999993,1.8582519999999998,41.667787,f7c6429f-f39d-47ec-a57d-1ca64a49abe2,Unknown Fire,http://tomcat-sf/smartfire/events/f7c6429f-f39d-47ec-a57d-1ca64a49abe2,BRITISH COLUMBIA,tomcat-sf,CWFIS-Hotspots,-8.0
SF11C281888119916989810,SF11E2068269,51.345,-117.417,WF,28.8371979627,201709030000-08:00,10.0,BC,Canada,CA02,2810001000,7.0,8.0,9.0,12.0,80.0,40.0,15.2588203162,2.95867517849,0.0,21.7498558356,6.0,6.0,6.0,6.0,40.0,80.0,13.0,30.0,4,14,5,19,5,8,738426719.7870328,4.622400999999999,5.454427,49.520964,844.7610940000002,2.5228180000000004,1.1423300000000003,0.82184,0.5148400000000001,11.813818,91fed973-9ea7-4cfc-9025-b64f400e9940,Unknown Fire,http://tomcat-sf/smartfire/events/91fed973-9ea7-4cfc-9025-b64f400e9940,BRITISH COLUMBIA,tomcat-sf,CWFIS-Hotspots,-8.0
SF11C281888219916989810,SF11E2070309,57.003,-105.53,WF,104.599707777,201709030000-06:00,10.0,SK,Canada,CA11,2810001000,7.0,8.0,9.0,12.0,80.0,40.0,1.94749029054,3.47272115386,0.0,15.0854113341,6.0,6.0,6.0,6.0,40.0,80.0,13.0,30.0,4,14,6,20,5,8,735893928.320937,7.524491,8.878899000000004,90.951316,842.08543,4.3626749999999985,0.822799,1.4846290000000002,0.5556150000000001,21.341450999999996,0759095a-7a23-4845-b783-9431fac4dfa7,Unknown Fire,http://tomcat-sf/smartfire/events/0759095a-7a23-4845-b783-9431fac4dfa7,SASKATCHEWAN,tomcat-sf,CWFIS-Hotspots,-6.0
SF11C281888319916989810,SF11E2077413,49.9,-113.296,WF,7.7343984253,201709030000-07:00,10.0,AB,Canada,CA01,2810001000,7.0,8.0,9.0,12.0,80.0,40.0,0.00831267223369,0.437776907981,0.0,23.9388620147,6.0,6.0,6.0,6.0,40.0,80.0,13.0,30.0,4,14,6,19,5,8,486585.89225299994,0.056791,0.06700399999999998,0.7160629999999999,4.822960000000001,0.03364699999999999,0.003238,0.01162,0.0033759999999999997,0.167109,d32f9186-500c-4c8e-91e6-705355ac42f7,Unknown Fire,http://tomcat-sf/smartfire/events/d32f9186-500c-4c8e-91e6-705355ac42f7,ALBERTA,tomcat-sf,CWFIS-Hotspots,-7.0
SF11C281889019916989810,SF11E2073313,51.0,-115.83,WF,28.8371979627,201709030000-07:00,10.0,BC,Canada,CA02,2810001000,7.0,8.0,9.0,12.0,80.0,40.0,18.3453944575,0.552253820159,0.0,19.1077564699,6.0,6.0,6.0,6.0,40.0,80.0,13.0,30.0,4,14,6,19,5,8,854750657.0195028,4.116215999999999,4.85713,41.3306,894.925829,2.1780469999999994,1.2947,0.6925469999999999,0.5340530000000002,9.955197000000002,22ea68d7-730b-4ed1-adc2-99d52a6c159e,Unknown Fire,http://tomcat-sf/smartfire/events/22ea68d7-730b-4ed1-adc2-99d52a6c159e,BRITISH COLUMBIA,tomcat-sf,CWFIS-Hotspots,-7.0
SF11C281891719916989810,SF11E1978782,48.838,-120.338,WF,141.24543578,201709030000-08:00,10.0,BC,Canada,CA02,2810001000,7.0,8.0,9.0,12.0,80.0,40.0,23.5215669057,3.27911589744,0.0,25.7331681332,6.0,6.0,6.0,6.0,40.0,80.0,13.0,30.0,4,14,5,19,5,8,8417619380.790237,31.889734,37.62987099999999,335.8613609999999,6126.040543,17.261711000000002,8.460546,5.587682000000001,3.7097610000000008,80.32282600000002,f7c6429f-f39d-47ec-a57d-1ca64a49abe2,Unknown Fire,http://tomcat-sf/smartfire/events/f7c6429f-f39d-47ec-a57d-1ca64a49abe2,BRITISH COLUMBIA,tomcat-sf,CWFIS-Hotspots,-8.0
SF11C281891819916989810,SF11E2045523,50.159,-116.693,WF,122.811374357,201709030000-08:00,10.0,BC,Canada,CA02,2810001000,7.0,8.0,9.0,12.0,80.0,40.0,2.082207349,4.09073565305,0.0,18.3203280647,6.0,6.0,6.0,6.0,40.0,80.0,13.0,30.0,4,14,5,18,5,8,966648815.8813211,10.217360000000003,12.056489999999998,123.92254999999997,1121.7270839999996,5.934418000000003,1.075004,2.021928,0.742938,29.065199,83a24d95-8272-48da-beaa-7414f6c0f2ed,Unknown Fire,http://tomcat-sf/smartfire/events/83a24d95-8272-48da-beaa-7414f6c0f2ed,BRITISH COLUMBIA,tomcat-sf,CWFIS-Hotspots,-8.0
SF11C281891919916989810,SF11E2077356,49.09,-114.711,WF,102.079232891,201709030000-07:00,10.0,BC,Canada,CA02,2810001000,7.0,8.0,9.0,12.0,80.0,40.0,1.57675412658,3.30549558856,0.0,19.2606090646,6.0,6.0,6.0,6.0,40.0,80.0,13.0,30.0,4,14,6,19,5,8,617675933.188952,6.783749000000001,8.004823,82.45570700000002,735.5820799999999,3.94453,0.6958820000000001,1.3449830000000005,0.488409,19.334006000000002,1ce0df87-049f-4119-92d0-afb810834374,Unknown Fire,http://tomcat-sf/smartfire/events/1ce0df87-049f-4119-92d0-afb810834374,BRITISH COLUMBIA,tomcat-sf,CWFIS-Hotspots,-7.0
SF11C281892019916989810,SF11E2068269,51.411,-117.455,WF,28.8371979627,201709030000-07:00,10.0,BC,Canada,CA02,2810001000,7.0,8.0,9.0,12.0,80.0,40.0,12.5327759031,2.80770945294,0.0,18.777204091,6.0,6.0,6.0,6.0,40.0,80.0,13.0,30.0,4,14,6,20,5,8,610875704.865655,3.9777000000000005,4.693685000000002,42.96192200000001,709.0110660000001,2.179555,0.9481269999999999,0.7121460000000001,0.433528,10.237096000000001,91fed973-9ea7-4cfc-9025-b64f400e9940,Unknown Fire,http://tomcat-sf/smartfire/events/91fed973-9ea7-4cfc-9025-b64f400e9940,BRITISH COLUMBIA,tomcat-sf,CWFIS-Hotspots,-7.0
SF11C281892119916989810,SF11E2070859,50.559,-115.327,WF,57.6743959254,201709030000-07:00,10.0,BC,Canada,CA02,2810001000,7.0,8.0,9.0,12.0,80.0,40.0,21.1497742815,0.771937564875,0.0,19.4081754977,6.0,6.0,6.0,6.0,40.0,80.0,13.0,30.0,4,14,6,19,5,8,2740449663.87885,9.620628,11.352329999999998,96.936443,2074.3261780000003,5.0989700000000004,2.992338,1.623406,1.239039,23.336516000000003,5a416012-4146-4529-bd1c-f45431f62cf4,Unknown Fire,http://tomcat-sf/smartfire/events/5a416012-4146-4529-bd1c-f45431f62cf4,BRITISH COLUMBIA,tomcat-sf,CWFIS-Hotspots,-7.0
SF11C281892219916989810,SF11E2073133,52.232,-116.605,WF,91.0336223604,201709030000-07:00,10.0,AB,Canada,CA01,2810001000,7.0,8.0,9.0,12.0,80.0,40.0,7.07587112497,3.17691795981,0.0,14.8560766809,6.0,6.0,6.0,6.0,40.0,80.0,13.0,30.0,4,14,6,20,5,8,1710553719.3587296,9.499426,11.209344999999997,107.017457,1465.5289229999998,5.314518000000002,1.8214219999999997,1.763443,0.9146850000000003,25.349578000000005,ee3588b7-8a70-44ff-9dd0-afefaf3c2f93,Unknown Fire,http://tomcat-sf/smartfire/events/ee3588b7-8a70-44ff-9dd0-afefaf3c2f93,ALBERTA,tomcat-sf,CWFIS-Hotspots,-7.0
SF11C281892319916989810,SF11E2064909,57.673,-107.678,WF,104.599707777,201709030000-06:00,10.0,SK,Canada,CA11,2810001000,7.0,8.0,9.0,12.0,80.0,40.0,13.4303949836,2.18537225243,0.0,15.43193372,6.0,6.0,6.0,6.0,40.0,80.0,13.0,30.0,4,14,6,20,5,8,3506006291.46724,14.028955,16.554169,148.89692799999997,2635.9671020000005,7.622112,3.607208999999999,2.4743880000000007,1.6007319999999998,35.56930800000001,b57c85ae-2f6a-4f45-ae93-49d7a0c44c28,Unknown Fire,http://tomcat-sf/smartfire/events/b57c85ae-2f6a-4f45-ae93-49d7a0c44c28,SASKATCHEWAN,tomcat-sf,CWFIS-Hotspots,-6.0
SF11C281892419916989810,SF11E2077391,57.624,-107.655,WF,519.662616243,201709030000-06:00,10.0,SK,Canada,CA11,2810001000,7.0,8.0,9.0,12.0,80.0,40.0,1.80207777952,1.45637463736,0.0,6.8802171393,6.0,6.0,6.0,6.0,40.0,80.0,13.0,30.0,4,14,6,20,5,8,5951304256.866369,19.405015000000002,22.897913999999997,226.26252199999996,2599.2146820000003,11.045669,2.9534629999999997,3.710959,1.6594330000000002,53.344946,9bfe2614-a5af-47e6-afbb-934c145ad728,Unknown Fire,http://tomcat-sf/smartfire/events/9bfe2614-a5af-47e6-afbb-934c145ad728,SASKATCHEWAN,tomcat-sf,CWFIS-Hotspots,-6.0
SF11C281892519916989810,SF11E2065684,56.34,-105.178,WF,287.210584336,201709030000-06:00,10.0,SK,Canada,CA11,2810001000,7.0,8.0,9.0,12.0,80.0,40.0,1.66528851736,0.899339957905,0.0,4.2411833012,6.0,6.0,6.0,6.0,40.0,80.0,13.0,30.0,4,14,6,20,5,8,1767377863.6321661,7.777981,9.178025,88.61511300000001,1148.865266,4.375967000000001,1.392001,1.4579490000000002,0.721861,20.958112999999994,9ee177b1-4739-41c1-ad75-c069ce148ec6,Unknown Fire,http://tomcat-sf/smartfire/events/9ee177b1-4739-41c1-ad75-c069ce148ec6,SASKATCHEWAN,tomcat-sf,CWFIS-Hotspots,-6.0
SF11C281892619916989810,SF11E1978782,48.84,-120.423,WF,70.6227178898,201709030000-08:00,10.0,BC,Canada,CA02,2810001000,7.0,8.0,9.0,12.0,80.0,40.0,23.4071835561,3.46989208767,0.0,26.0735790919,6.0,6.0,6.0,6.0,40.0,80.0,13.0,30.0,4,14,5,19,5,8,3924503781.6428986,16.110145,19.009955,170.18164299999998,3068.4630720000005,8.732945999999998,4.222963,2.8300400000000003,1.8601699999999999,40.681874,f7c6429f-f39d-47ec-a57d-1ca64a49abe2,Unknown Fire,http://tomcat-sf/smartfire/events/f7c6429f-f39d-47ec-a57d-1ca64a49abe2,BRITISH COLUMBIA,tomcat-sf,CWFIS-Hotspots,-8.0
SF11C281894819916989810,SF11E2077336,50.333,-106.523,WF,2.1992378909,201709030000-06:00,10.0,SK,Canada,CA11,2810001000,7.0,8.0,9.0,12.0,80.0,40.0,0.00807991313509,0.438009667079,0.0,24.6284718968,6.0,6.0,6.0,6.0,40.0,80.0,13.0,30.0,4,14,6,20,5,8,39304.508946999995,0.016149999999999998,0.019063000000000004,0.20368099999999997,1.371254,0.009567,0.000916,0.0033069999999999996,0.0009539999999999999,0.047536999999999996,76a8d077-eb3f-4f69-978d-c7ec1c49ab9b,Unknown Fire,http://tomcat-sf/smartfire/events/76a8d077-eb3f-4f69-978d-c7ec1c49ab9b,SASKATCHEWAN,tomcat-sf,CWFIS-Hotspots,-6.0
SF11C281894919916989810,SF11E2065684,56.387,-105.104,WF,986.074022881,201709030000-06:00,10.0,SK,Canada,CA11,2810001000,7.0,8.0,9.0,12.0,80.0,40.0,1.80230746723,2.53920361101,0.0,10.674121065,6.0,6.0,6.0,6.0,40.0,80.0,13.0,30.0,4,14,6,20,5,8,18020926605.414658,54.581988,64.40674700000001,653.7110589999999,6419.913970000001,31.496857999999992,6.574336999999999,10.683527,4.195421000000001,153.57576100000003,9ee177b1-4739-41c1-ad75-c069ce148ec6,Unknown Fire,http://tomcat-sf/smartfire/events/9ee177b1-4739-41c1-ad75-c069ce148ec6,SASKATCHEWAN,tomcat-sf,CWFIS-Hotspots,-6.0
SF11C281895019916989810,SF11E2070866,56.856,-106.245,WF,447.680818758,201709030000-06:00,10.0,SK,Canada,CA11,2810001000,7.0,8.0,9.0,12.0,80.0,40.0,1.60847864635,1.90407531722,0.0,8.87286093042,6.0,6.0,6.0,6.0,40.0,80.0,13.0,30.0,4,14,6,20,5,8,4363659578.88696,19.419634000000002,22.915161,230.812154,2375.410817000001,11.162376,2.516605,3.7759370000000008,1.5410519999999996,54.279042999999994,3340c61c-c26f-47bf-ab67-1465394d6203,Unknown Fire,http://tomcat-sf/smartfire/events/3340c61c-c26f-47bf-ab67-1465394d6203,SASKATCHEWAN,tomcat-sf,CWFIS-Hotspots,-6.0
SF11C281896519916989810,SF11E1978782,48.932,-120.372,WF,70.6227178898,201709030000-08:00,10.0,BC,Canada,CA02,2810001000,7.0,8.0,9.0,12.0,80.0,40.0,22.6128323873,4.25804261125,0.0,27.2291295405,6.0,6.0,6.0,6.0,40.0,80.0,13.0,30.0,4,14,5,19,5,8,3827356461.649321,16.627487,19.620451000000006,177.849288,3053.456794,9.067910999999999,4.137737999999999,2.9522079999999993,1.859746,42.43789299999999,f7c6429f-f39d-47ec-a57d-1ca64a49abe2,Unknown Fire,http://tomcat-sf/smartfire/events/f7c6429f-f39d-47ec-a57d-1ca64a49abe2,BRITISH COLUMBIA,tomcat-sf,CWFIS-Hotspots,-8.0
SF11C281897119916989810,SF11E2077364,57.41,-113.244,WF,91.0336223604,201709030000-07:00,10.0,AB,Canada,CA01,2810001000,7.0,8.0,9.0,12.0,80.0,40.0,7.8692165903,2.96161537252,0.0,14.9070647199,6.0,6.0,6.0,6.0,40.0,80.0,13.0,30.0,4,14,6,19,5,8,1869055949.1551802,9.699214999999997,11.445079,108.08460700000002,1557.368066,5.396987,1.978403,1.7837250000000004,0.9662549999999999,25.641112999999997,5b34dd55-86a1-46d6-b869-7870901f8b76,Unknown Fire,http://tomcat-sf/smartfire/events/5b34dd55-86a1-46d6-b869-7870901f8b76,ALBERTA,tomcat-sf,CWFIS-Hotspots,-7.0
SF11C281897219916989810,SF11E2077329,57.363,-113.201,WF,182.067244721,201709030000-07:00,10.0,AB,Canada,CA01,2810001000,7.0,8.0,9.0,12.0,80.0,40.0,7.66913253703,2.97802204113,0.0,14.7816466345,6.0,6.0,6.0,6.0,40.0,80.0,13.0,30.0,4,14,6,19,5,8,3976557750.0476065,19.182927999999993,22.635846000000004,214.181313,3058.801012000001,10.684283,3.871361,3.533697999999999,1.8997359999999999,50.79693799999999,93645452-2e1e-4f2e-be4b-6e3da6a2bab3,Unknown Fire,http://tomcat-sf/smartfire/events/93645452-2e1e-4f2e-be4b-6e3da6a2bab3,ALBERTA,tomcat-sf,CWFIS-Hotspots,-7.0
SF11C281897319916989810,SF11E2065483,56.8,-105.753,WF,103.487733563,201709030000-06:00,10.0,SK,Canada,CA11,2810001000,7.0,8.0,9.0,12.0,80.0,40.0,1.56131353075,0.0,0.0,0.961769134942,6.0,6.0,6.0,6.0,40.0,80.0,13.0,30.0,4,14,6,20,5,8,388296071.785873,1.1762810000000001,1.3880129999999997,11.601217999999998,266.5533250000001,0.617222,0.3910199999999999,0.194926,0.15834999999999996,2.8020710000000006,dff8a5b2-4200-4752-bb8e-1a7332c3c63b,Unknown Fire,http://tomcat-sf/smartfire/events/dff8a5b2-4200-4752-bb8e-1a7332c3c63b,SASKATCHEWAN,tomcat-sf,CWFIS-Hotspots,-6.0
SF11C281897419916989810,SF11E2000002,55.126,-102.266,WF,104.599707777,201709030000-06:00,10.0,SK,Canada,CA11,2810001000,7.0,8.0,9.0,12.0,80.0,40.0,15.0457351158,1.7399020443,0.0,15.429881708,6.0,6.0,6.0,6.0,40.0,80.0,13.0,30.0,4,14,6,20,5,8,3884628992.936963,14.484025999999998,17.091155999999998,151.237782,2849.7951669999998,7.807746999999999,3.9738030000000015,2.519307,1.720657,36.21503300000001,c033dc9e-2f73-4a0c-b114-b6b5d4f7cd85,Unknown Fire,http://tomcat-sf/smartfire/events/c033dc9e-2f73-4a0c-b114-b6b5d4f7cd85,SASKATCHEWAN,tomcat-sf,CWFIS-Hotspots,-6.0
SF11C281897519916989810,SF11E2065684,56.346,-105.134,WF,160.470234421,201709030000-06:00,10.0,SK,Canada,CA11,2810001000,7.0,8.0,9.0,12.0,80.0,40.0,1.86074972855,2.71974269005,0.0,11.2755163609,6.0,6.0,6.0,6.0,40.0,80.0,13.0,30.0,4,14,6,20,5,8,1052907904.9737952,9.432605,11.130477,113.14343400000003,1100.584919,5.447410999999999,1.118889,1.848715,0.7203340000000001,26.575383,9ee177b1-4739-41c1-ad75-c069ce148ec6,Unknown Fire,http://tomcat-sf/smartfire/events/9ee177b1-4739-41c1-ad75-c069ce148ec6,SASKATCHEWAN,tomcat-sf,CWFIS-Hotspots,-6.0
SF11C281897619916989810,SF11E2075211,58.091,-104.725,WF,104.599707777,201709030000-06:00,10.0,SK,Canada,CA11,2810001000,7.0,8.0,9.0,12.0,80.0,40.0,5.31995459304,3.76006498535,0.0,15.4976427152,6.0,6.0,6.0,6.0,40.0,80.0,13.0,30.0,4,14,6,20,5,8,1583637814.01953,10.592464000000001,12.499098,122.59479,1465.902262,6.00679,1.7037719999999998,2.012706,0.93077,28.932545000000008,8911860e-90d2-48d9-96cc-b7819567ae95,Unknown Fire,http://tomcat-sf/smartfire/events/8911860e-90d2-48d9-96cc-b7819567ae95,SASKATCHEWAN,tomcat-sf,CWFIS-Hotspots,-6.0
SF11C281897719916989810,SF11E2075366,58.037,-106.404,WF,104.599707777,201709030000-06:00,10.0,SK,Canada,CA11,2810001000,7.0,8.0,9.0,12.0,80.0,40.0,0.0294848386757,0.657930282643,0.0,16.0265265215,6.0,6.0,6.0,6.0,40.0,80.0,13.0,30.0,4,14,6,20,5,8,59127003.663113005,1.1670500000000001,1.3771309999999997,14.681748999999998,100.958643,0.6908899999999999,0.06995399999999999,0.238431,0.07046000000000001,3.4274780000000002,d2768f40-a154-4a3b-b763-4a0238eb8057,Unknown Fire,http://tomcat-sf/smartfire/events/d2768f40-a154-4a3b-b763-4a0238eb8057,SASKATCHEWAN,tomcat-sf,CWFIS-Hotspots,-6.0
SF11C281897819916989810,SF11E2075366,58.049,-106.507,WF,104.599707777,201709030000-06:00,10.0,SK,Canada,CA11,2810001000,7.0,8.0,9.0,12.0,80.0,40.0,0.0376055110708,0.731363707303,0.0,15.7241223951,6.0,6.0,6.0,6.0,40.0,80.0,13.0,30.0,4,14,6,20,5,8,66833696.042936005,1.300986,1.5351789999999996,16.356704000000004,113.060482,0.7699349999999999,0.07897500000000003,0.26565200000000005,0.07882,3.818788,d2768f40-a154-4a3b-b763-4a0238eb8057,Unknown Fire,http://tomcat-sf/smartfire/events/d2768f40-a154-4a3b-b763-4a0238eb8057,SASKATCHEWAN,tomcat-sf,CWFIS-Hotspots,-6.0
SF11C281898019916989810,SF11E2070859,50.585,-115.344,WF,28.8371979627,201709030000-07:00,10.0,BC,Canada,CA02,2810001000,7.0,8.0,9.0,12.0,80.0,40.0,2.50576838637,4.25810948259,0.0,19.3427118518,6.0,6.0,6.0,6.0,40.0,80.0,13.0,30.0,4,14,6,19,5,8,171282130.442195,2.5683169999999995,3.0306140000000004,30.989264000000006,290.265191,1.487739,0.286373,0.505965,0.19115700000000002,7.273226000000001,5a416012-4146-4529-bd1c-f45431f62cf4,Unknown Fire,http://tomcat-sf/smartfire/events/5a416012-4146-4529-bd1c-f45431f62cf4,BRITISH COLUMBIA,tomcat-sf,CWFIS-Hotspots,-7.0
SF11C281898819916989810,SF11E2070309,56.957,-105.442,WF,80.2351172107,201709030000-06:00,10.0,SK,Canada,CA11,2810001000,7.0,8.0,9.0,12.0,80.0,40.0,1.48982085458,3.25478792058,0.0,15.1100800879,6.0,6.0,6.0,6.0,40.0,80.0,13.0,30.0,4,14,6,20,5,8,454385073.23276806,5.213632,6.152091999999999,63.455159,560.9989459999998,3.033641,0.526406,1.0348700000000002,0.37307599999999996,14.876264,0759095a-7a23-4845-b783-9431fac4dfa7,Unknown Fire,http://tomcat-sf/smartfire/events/0759095a-7a23-4845-b783-9431fac4dfa7,SASKATCHEWAN,tomcat-sf,CWFIS-Hotspots,-6.0
SF11C281899019916989810,SF11E2075122,59.449,-121.013,WF,173.023187776,201709030000-08:00,10.0,BC,Canada,CA02,2810001000,7.0,8.0,9.0,12.0,80.0,40.0,18.2936755893,0.802281811276,0.0,16.8005737263,6.0,6.0,6.0,6.0,40.0,80.0,13.0,30.0,4,14,5,19,5,8,8171612272.638935,25.351617,29.914911000000004,256.430996,5415.058309000001,13.460994,7.7858920000000005,4.291971,3.2379580000000003,61.696996999999996,d62e929e-225d-48cf-b171-6896fc76862a,Unknown Fire,http://tomcat-sf/smartfire/events/d62e929e-225d-48cf-b171-6896fc76862a,BRITISH COLUMBIA,tomcat-sf,CWFIS-Hotspots,-8.0
SF11C281899419916989810,SF11E2048697,51.401,-121.102,WF,28.8371979627,201709030000-08:00,10.0,BC,Canada,CA02,2810001000,7.0,8.0,9.0,12.0,80.0,40.0,17.055060163,4.94090329406,0.0,25.3331149977,6.0,6.0,6.0,6.0,40.0,80.0,13.0,30.0,4,14,5,19,5,8,844525252.7969159,5.950219999999999,7.021245,65.25095700000001,1009.8442290000002,3.284761,1.3195690000000004,1.0792739999999998,0.6216119999999998,15.514572,1097f59e-7eb1-48ce-9875-01006f27b6b1,Unknown Fire,http://tomcat-sf/smartfire/events/1097f59e-7eb1-48ce-9875-01006f27b6b1,BRITISH COLUMBIA,tomcat-sf,CWFIS-Hotspots,-8.0
SF11C281899619916989810,SF11E2076251,55.483,-103.456,WF,104.599707777,201709030000-06:00,10.0,SK,Canada,CA11,2810001000,7.0,8.0,9.0,12.0,80.0,40.0,16.1650492954,1.68433307772,0.0,16.2953847115,6.0,6.0,6.0,6.0,40.0,80.0,13.0,30.0,4,14,6,20,5,8,4162559811.3734894,15.239693000000003,17.982839000000002,158.42280399999999,3034.844616,8.197642000000002,4.251859,2.640725999999999,1.8296949999999998,37.960452000000004,a4e67e23-c0f4-4b0e-a62d-4677449fe522,Unknown Fire,http://tomcat-sf/smartfire/events/a4e67e23-c0f4-4b0e-a62d-4677449fe522,SASKATCHEWAN,tomcat-sf,CWFIS-Hotspots,-6.0
SF11C281899719916989810,SF11E2077344,55.729,-102.964,WF,103.487733563,201709030000-06:00,10.0,SK,Canada,CA11,2810001000,7.0,8.0,9.0,12.0,80.0,40.0,1.56131353075,0.0,0.0,1.08652700784,6.0,6.0,6.0,6.0,40.0,80.0,13.0,30.0,4,14,6,20,5,8,388296071.785873,1.1762810000000001,1.3880129999999997,11.601217999999998,266.5533250000001,0.617222,0.3910199999999999,0.194926,0.15834999999999996,2.8020710000000006,e96b1151-c3f4-45a2-9def-55cd52e55713,Unknown Fire,http://tomcat-sf/smartfire/events/e96b1151-c3f4-45a2-9def-55cd52e55713,SASKATCHEWAN,tomcat-sf,CWFIS-Hotspots,-6.0
SF11C281900119916989810,SF11E1978782,48.94,-120.446,WF,141.24543578,201709030000-08:00,10.0,BC,Canada,CA02,2810001000,7.0,8.0,9.0,12.0,80.0,40.0,22.4147189606,4.55955960272,0.0,27.7976930149,6.0,6.0,6.0,6.0,40.0,80.0,13.0,30.0,4,14,5,19,5,8,8143758399.423583,33.75959099999999,39.83632899999999,362.63799400000005,6120.079105999999,18.449184000000006,8.246424999999999,6.0158939999999985,3.7337859999999994,86.478461,f7c6429f-f39d-47ec-a57d-1ca64a49abe2,Unknown Fire,http://tomcat-sf/smartfire/events/f7c6429f-f39d-47ec-a57d-1ca64a49abe2,BRITISH COLUMBIA,tomcat-sf,CWFIS-Hotspots,-8.0
SF11C281900319916989810,SF11E1978782,48.838,-120.458,WF,141.24543578,201709030000-08:00,10.0,BC,Canada,CA02,2810001000,7.0,8.0,9.0,12.0,80.0,40.0,23.6190911573,3.13718342816,0.0,25.4956254317,6.0,6.0,6.0,6.0,40.0,80.0,13.0,30.0,4,14,5,19,5,8,8439506869.062223,31.656571999999997,37.354770000000016,332.63803599999994,6120.837244,17.116492999999995,8.475677,5.5359229999999995,3.7036130000000003,79.578848,f7c6429f-f39d-47ec-a57d-1ca64a49abe2,Unknown Fire,http://tomcat-sf/smartfire/events/f7c6429f-f39d-47ec-a57d-1ca64a49abe2,BRITISH COLUMBIA,tomcat-sf,CWFIS-Hotspots,-8.0
SF11C281901019916989810,SF11E1978782,48.861,-120.368,WF,141.24543578,201709030000-08:00,10.0,BC,Canada,CA02,2810001000,7.0,8.0,9.0,12.0,80.0,40.0,23.2776464853,3.63734677273,0.0,26.3505338077,6.0,6.0,6.0,6.0,40.0,80.0,13.0,30.0,4,14,5,19,5,8,8363354184.747743,32.480467,38.326950999999994,344.0194150000001,6139.691622000001,17.629405999999996,8.423121,5.718689,3.725587,82.20602900000002,f7c6429f-f39d-47ec-a57d-1ca64a49abe2,Unknown Fire,http://tomcat-sf/smartfire/events/f7c6429f-f39d-47ec-a57d-1ca64a49abe2,BRITISH COLUMBIA,tomcat-sf,CWFIS-Hotspots,-8.0
SF11C281901219916989810,SF11E2048697,51.414,-121.034,WF,28.8371979627,201709030000-08:00,10.0,BC,Canada,CA02,2810001000,7.0,8.0,9.0,12.0,80.0,40.0,16.2058643608,4.65127700687,0.0,25.3522522407,6.0,6.0,6.0,6.0,40.0,80.0,13.0,30.0,4,14,5,19,5,8,801954177.1339049,5.633022,6.646970999999999,61.73776600000001,957.8106579999999,3.108798000000001,1.2527249999999999,1.0212579999999998,0.589433,14.680420000000003,1097f59e-7eb1-48ce-9875-01006f27b6b1,Unknown Fire,http://tomcat-sf/smartfire/events/1097f59e-7eb1-48ce-9875-01006f27b6b1,BRITISH COLUMBIA,tomcat-sf,CWFIS-Hotspots,-8.0
SF11C281901319916989810,SF11E1999987,55.191,-103.158,WF,98.6444680952,201709030000-06:00,10.0,SK,Canada,CA11,2810001000,7.0,8.0,9.0,12.0,80.0,40.0,8.04434624905,4.2328419597,0.0,17.8976492657,6.0,6.0,6.0,6.0,40.0,80.0,13.0,30.0,4,14,6,20,5,8,2155506450.9241953,12.721523,15.011410000000001,144.710331,1890.7624330000003,7.1516280000000005,2.2994740000000005,2.381386000000001,1.1868529999999997,34.23237499999999,478f1f41-6a42-49d4-81ce-f2a850184a0d,Unknown Fire,http://tomcat-sf/smartfire/events/478f1f41-6a42-49d4-81ce-f2a850184a0d,SASKATCHEWAN,tomcat-sf,CWFIS-Hotspots,-6.0
SF11C281901619916989810,SF11E2000002,54.769,-102.632,WF,80.2351172107,201709030000-06:00,10.0,SK,Canada,CA11,2810001000,7.0,8.0,9.0,12.0,80.0,40.0,1.88160789983,3.67706975027,0.0,16.4215388448,6.0,6.0,6.0,6.0,40.0,80.0,13.0,30.0,4,14,6,20,5,8,548946620.799179,6.006021,7.087086,72.831448,660.0575040000001,3.488066,0.633233,1.1883399999999995,0.43707800000000013,17.082518000000004,c033dc9e-2f73-4a0c-b114-b6b5d4f7cd85,Unknown Fire,http://tomcat-sf/smartfire/events/c033dc9e-2f73-4a0c-b114-b6b5d4f7cd85,SASKATCHEWAN,tomcat-sf,CWFIS-Hotspots,-6.0
